Outcome,OutcomeCategory,Stat,W4,W4+p1,W4+p1/W4,W4+p1/p1,W4+p2,W4+p2/W4,W4+p2/p2,W4+p3,W4+p3/W4,W4+p3/p3,W4+p4,W4+p4/W4,W4+p4/p4,W4+p5,W4+p5/W4,W4+p5/p5,W4+p6,W4+p6/W4,W4+p6/p6,p1,p2,p3,p4,p5,p6
MediaCensored,Abuse,betaw,5.07,6.02,6.02,,5.16,5.16,,5.99,6.02,,5.16,5.16,,6.02,6.02,,6.02,6.02,,,,,,,
MediaCensored,Abuse,betap,,0.23,,0.26,-0.0,,0.03,0.33,,0.6,-0.0,,0.03,-0.04,,-0.05,-0.05,,-0.06,0.26,0.03,0.6,0.03,-0.05,-0.06
MediaCensored,Abuse,tstatw,21.21,9.94,9.93,,20.95,21.11,,9.95,9.93,,20.94,21.11,,9.99,9.93,,9.99,9.93,,,,,,,
MediaCensored,Abuse,tstatp,,0.83,,0.94,-0.09,,1.61,1.29,,2.22,-0.09,,1.65,-1.22,,-1.3,-1.17,,-1.19,0.94,1.61,2.22,1.65,-1.3,-1.19
MediaCensored,Abuse,AIC,17167.2,3266.62,3269.89,4732.03,15511.56,15509.67,21960.29,3259.43,3269.89,4709.37,15511.57,15509.67,21958.58,3234.75,3244.21,4691.28,3235.7,3244.21,4693.15,4732.03,21960.29,4709.37,21958.58,4691.28,4693.15
MediaCensored,Abuse,BIC,17617.46,3412.88,3410.07,4872.22,15964.1,15955.16,22405.78,3405.7,3410.07,4849.55,15964.11,15955.16,22404.06,3380.72,3384.11,4831.18,3381.67,3384.11,4833.05,4872.22,22405.78,4849.55,22404.06,4831.18,4833.05
MediaCensored,Abuse,loglike,-8520.18,-1609.13,-1611.78,-2342.85,-7691.31,-7691.38,-10916.69,-1605.54,-1611.78,-2331.52,-7691.31,-7691.38,-10915.83,-1593.19,-1598.93,-2322.47,-1593.67,-1598.93,-2323.41,-2342.85,-10916.69,-2331.52,-10915.83,-2322.47,-2323.41
PackCourts,Abuse,betaw,-1.75,-2.39,-2.39,,-1.86,-1.83,,-2.39,-2.39,,-1.86,-1.83,,-2.4,-2.39,,-2.39,-2.39,,,,,,,
PackCourts,Abuse,betap,,0.05,,0.04,0.01,,0.0,-0.03,,-0.14,0.01,,0.0,-0.02,,-0.02,-0.03,,-0.03,0.04,0.0,-0.14,0.0,-0.02,-0.03
PackCourts,Abuse,tstatw,-7.17,-4.93,-4.94,,-7.43,-7.33,,-4.87,-4.94,,-7.43,-7.33,,-4.95,-4.93,,-4.94,-4.93,,,,,,,
PackCourts,Abuse,tstatp,,0.21,,0.14,1.14,,0.2,-0.1,,-0.44,1.15,,0.2,-0.67,,-0.57,-0.69,,-0.62,0.14,0.2,-0.44,0.2,-0.57,-0.62
PackCourts,Abuse,AIC,17222.55,2969.37,2967.67,3270.26,15940.26,15956.92,17029.9,2969.61,2967.67,3268.3,15939.77,15956.92,17029.9,2950.46,2953.25,3250.1,2950.19,2953.25,3249.56,3270.26,17029.9,3268.3,17029.9,3250.1,3249.56
PackCourts,Abuse,BIC,17672.24,3115.6,3107.82,3410.4,16392.55,16402.16,17475.14,3115.84,3107.82,3408.45,16392.06,16402.16,17475.14,3096.39,3093.12,3389.97,3096.13,3093.12,3389.42,3410.4,17475.14,3408.45,17475.14,3389.97,3389.42
PackCourts,Abuse,loglike,-8547.85,-1460.5,-1460.67,-1611.96,-7905.65,-7915.0,-8451.49,-1460.63,-1460.67,-1610.98,-7905.41,-7915.0,-8451.49,-1451.05,-1453.46,-1601.88,-1450.91,-1453.46,-1601.61,-1611.96,-8451.49,-1610.98,-8451.49,-1601.88,-1601.61
SlaveLabor,Abuse,betaw,-0.35,-0.18,-0.18,,-0.33,-0.34,,-0.19,-0.18,,-0.33,-0.34,,-0.18,-0.18,,-0.18,-0.18,,,,,,,
SlaveLabor,Abuse,betap,,-0.01,,-0.01,-0.0,,-0.01,0.01,,0.0,-0.0,,-0.01,0.0,,0.0,0.0,,0.0,-0.01,-0.01,0.0,-0.01,0.0,0.0
SlaveLabor,Abuse,tstatw,-7.15,-2.61,-2.62,,-6.82,-6.96,,-2.65,-2.62,,-6.82,-6.96,,-2.62,-2.61,,-2.62,-2.61,,,,,,,
SlaveLabor,Abuse,tstatp,,-0.36,,-0.37,-3.06,,-3.56,0.36,,0.06,-3.1,,-3.62,0.05,,0.12,0.09,,0.14,-0.37,-3.56,0.06,-3.62,0.12,0.14
SlaveLabor,Abuse,AIC,-17094.06,-11805.73,-11806.8,-11650.74,-19685.89,-19521.58,-17799.36,-11805.91,-11806.8,-11649.67,-19684.86,-19521.58,-17800.55,-11625.44,-11627.46,-11472.32,-11625.49,-11627.46,-11472.36,-11650.74,-17799.36,-11649.67,-17800.55,-11472.32,-11472.36
SlaveLabor,Abuse,BIC,-16643.81,-11659.47,-11666.62,-11510.56,-19233.35,-19076.1,-17353.87,-11659.65,-11666.62,-11509.48,-19232.32,-19076.1,-17355.07,-11479.47,-11487.56,-11332.42,-11479.52,-11487.56,-11332.45,-11510.56,-17353.87,-11509.48,-17355.07,-11332.42,-11332.45
SlaveLabor,Abuse,loglike,8610.46,5927.05,5926.57,5848.54,9907.42,9824.25,8963.14,5927.14,5926.57,5848.0,9906.91,9824.25,8963.74,5836.91,5836.9,5759.33,5836.93,5836.9,5759.35,5848.54,8963.14,5848.0,8963.74,5759.33,5759.35
Torture,Abuse,betaw,-4.24,-3.73,-3.73,,-4.34,-4.36,,-3.71,-3.73,,-4.34,-4.36,,-3.73,-3.73,,-3.73,-3.73,,,,,,,
Torture,Abuse,betap,,-0.1,,-0.12,-0.01,,-0.04,-0.19,,-0.36,-0.01,,-0.04,0.02,,0.02,0.02,,0.02,-0.12,-0.04,-0.36,-0.04,0.02,0.02
Torture,Abuse,tstatw,-15.31,-6.88,-6.87,,-15.48,-15.62,,-6.82,-6.87,,-15.47,-15.62,,-6.88,-6.87,,-6.89,-6.87,,,,,,,
Torture,Abuse,tstatp,,-0.49,,-0.5,-0.96,,-2.04,-1.17,,-1.77,-0.96,,-2.06,0.64,,0.75,0.6,,0.66,-0.5,-2.04,-1.77,-2.06,0.75,0.66
Torture,Abuse,AIC,17516.41,2365.79,2364.99,3180.99,15498.83,15514.2,20488.36,2361.48,2364.99,3166.91,15498.87,15514.2,20486.32,2353.7,2354.16,3163.8,2353.98,2354.16,3164.57,3180.99,20488.36,3166.91,20486.32,3163.8,3164.57
Torture,Abuse,BIC,17966.66,2512.06,2505.17,3321.17,15951.37,15959.68,20933.85,2507.75,2505.17,3307.1,15951.41,15959.68,20931.81,2499.67,2494.06,3303.7,2499.95,2494.06,3304.47,3321.17,20933.85,3307.1,20931.81,3303.7,3304.47
Torture,Abuse,loglike,-8694.78,-1158.71,-1159.33,-1567.33,-7684.94,-7693.64,-10180.72,-1156.56,-1159.33,-1560.29,-7684.96,-7693.64,-10179.7,-1152.67,-1153.91,-1558.73,-1152.8,-1153.91,-1559.12,-1567.33,-10180.72,-1560.29,-10179.7,-1558.73,-1559.12
AcademicFreedom,EndogPublicEducation,betaw,0.94,0.8,0.8,,0.95,0.96,,0.79,0.8,,0.95,0.96,,0.79,0.8,,0.79,0.8,,,,,,,
AcademicFreedom,EndogPublicEducation,betap,,0.03,,0.03,0.0,,0.01,0.07,,0.09,0.0,,0.01,-0.0,,-0.01,-0.0,,-0.01,0.03,0.01,0.09,0.01,-0.01,-0.01
AcademicFreedom,EndogPublicEducation,tstatw,19.16,8.84,8.82,,18.89,18.99,,8.78,8.82,,18.88,18.99,,8.84,8.82,,8.84,8.82,,,,,,,
AcademicFreedom,EndogPublicEducation,tstatp,,0.91,,0.59,0.87,,2.11,2.32,,2.38,0.88,,2.14,-0.76,,-1.09,-0.67,,-0.97,0.59,2.11,2.38,2.14,-1.09,-0.97
AcademicFreedom,EndogPublicEducation,AIC,-17437.64,-11085.16,-11078.23,-9398.51,-16837.94,-16825.83,-8967.01,-11115.5,-11078.23,-9436.24,-16837.93,-16825.83,-8969.73,-10912.42,-10908.44,-9256.81,-10911.17,-10908.44,-9254.23,-9398.51,-8967.01,-9436.24,-8969.73,-9256.81,-9254.23
AcademicFreedom,EndogPublicEducation,BIC,-16991.28,-10939.06,-10938.21,-9258.48,-16387.43,-16382.34,-8523.53,-10969.4,-10938.21,-9296.22,-16387.42,-16382.34,-8526.25,-10766.62,-10768.7,-9117.07,-10765.37,-10768.7,-9114.49,-9258.48,-8523.53,-9296.22,-8526.25,-9117.07,-9114.49
AcademicFreedom,EndogPublicEducation,loglike,8782.27,5566.76,5562.28,4722.42,8483.46,8476.39,4546.98,5581.93,5562.28,4741.29,8483.45,8476.39,4548.34,5480.4,5477.39,4651.57,5479.77,5477.39,4650.29,4722.42,4546.98,4741.29,4548.34,4651.57,4650.29
CampusFree,EndogPublicEducation,betaw,4.16,3.76,3.76,,4.17,4.2,,3.74,3.76,,4.17,4.2,,3.75,3.76,,3.75,3.76,,,,,,,
CampusFree,EndogPublicEducation,betap,,0.16,,0.13,0.01,,0.04,0.31,,0.42,0.01,,0.04,-0.01,,-0.03,-0.02,,-0.03,0.13,0.04,0.42,0.04,-0.03,-0.03
CampusFree,EndogPublicEducation,tstatw,15.5,7.32,7.31,,15.17,15.31,,7.32,7.31,,15.16,15.31,,7.29,7.3,,7.29,7.3,,,,,,,
CampusFree,EndogPublicEducation,tstatp,,0.81,,0.6,1.02,,2.11,1.75,,2.03,1.01,,2.14,-0.63,,-0.98,-0.55,,-0.88,0.6,2.11,2.03,2.14,-0.98,-0.88
CampusFree,EndogPublicEducation,AIC,13468.36,347.73,351.98,1611.34,12805.45,12826.73,18163.63,327.45,351.98,1582.19,12806.01,12826.73,18162.07,364.33,366.08,1608.21,365.16,366.08,1610.2,1611.34,18163.63,1582.19,18162.07,1608.21,1610.2
CampusFree,EndogPublicEducation,BIC,13913.95,493.83,492.0,1751.37,13255.18,13269.44,18606.35,473.54,492.0,1722.21,13255.74,13269.44,18604.79,510.13,505.82,1747.95,510.95,505.82,1749.94,1751.37,18606.35,1722.21,18604.79,1747.95,1749.94
CampusFree,EndogPublicEducation,loglike,-6670.72,-149.68,-152.82,-782.5,-6338.23,-6349.88,-9018.33,-139.54,-152.82,-767.93,-6338.51,-6349.88,-9017.55,-157.98,-159.87,-780.94,-158.39,-159.87,-781.93,-782.5,-9018.33,-767.93,-9017.55,-780.94,-781.93
SecondarySchool,EndogPublicEducation,betaw,-9.39,-7.19,-6.66,,-12.66,-10.54,,-7.71,-6.66,,-12.7,-10.54,,-6.19,-6.86,,-6.26,-6.86,,,,,,,
SecondarySchool,EndogPublicEducation,betap,,11.86,,11.71,1.15,,1.07,14.19,,13.94,1.16,,1.08,3.08,,3.08,4.13,,4.14,11.71,1.07,13.94,1.08,3.08,4.14
SecondarySchool,EndogPublicEducation,tstatw,-2.15,-0.6,-0.55,,-3.04,-2.6,,-0.65,-0.55,,-3.05,-2.6,,-0.61,-0.56,,-0.62,-0.56,,,,,,,
SecondarySchool,EndogPublicEducation,tstatp,,1.92,,1.92,3.74,,3.33,2.52,,2.55,3.77,,3.35,3.51,,3.5,3.55,,3.54,1.92,3.33,2.55,3.35,3.5,3.54
SecondarySchool,EndogPublicEducation,AIC,40408.83,14968.48,14997.45,14971.96,38291.87,38605.11,38431.47,14949.61,14997.45,14953.96,38286.62,38605.11,38427.33,14664.84,14836.95,14667.13,14662.04,14836.95,14664.45,14971.96,38431.47,14953.96,38427.33,14667.13,14664.45
SecondarySchool,EndogPublicEducation,BIC,40759.02,15105.77,15129.04,15103.55,38646.68,38953.37,38779.73,15086.9,15129.04,15085.55,38641.43,38953.37,38775.59,14801.85,14968.28,14798.46,14799.05,14968.28,14795.78,15103.55,38779.73,15085.55,38775.59,14798.46,14795.78
SecondarySchool,EndogPublicEducation,loglike,-20150.9,-7459.98,-7475.48,-7462.74,-19091.38,-19249.02,-19162.2,-7450.54,-7475.48,-7453.74,-19088.75,-19249.02,-19160.13,-7308.15,-7395.23,-7310.32,-7306.75,-7395.23,-7308.98,-7462.74,-19162.2,-7453.74,-19160.13,-7310.32,-7308.98
EliteWantCommonGood,EndogPublicGoods,betaw,1.9,2.45,2.45,,1.75,1.78,,2.45,2.45,,1.75,1.78,,2.45,2.45,,2.45,2.45,,,,,,,
EliteWantCommonGood,EndogPublicGoods,betap,,-0.16,,-0.15,0.02,,0.03,-0.01,,0.1,0.02,,0.03,-0.01,,-0.02,-0.01,,-0.02,-0.15,0.03,0.1,0.03,-0.02,-0.02
EliteWantCommonGood,EndogPublicGoods,tstatw,6.52,4.59,4.62,,6.02,6.11,,4.64,4.62,,6.01,6.11,,4.62,4.63,,4.62,4.63,,,,,,,
EliteWantCommonGood,EndogPublicGoods,tstatp,,-0.87,,-0.71,1.33,,1.93,-0.06,,0.47,1.37,,1.97,-0.5,,-0.57,-0.45,,-0.49,-0.71,1.93,0.47,1.97,-0.57,-0.49
EliteWantCommonGood,EndogPublicGoods,AIC,16922.78,2414.86,2416.25,2784.85,13584.52,13621.43,14849.74,2418.27,2416.25,2786.02,13582.47,13621.43,14845.7,2313.82,2313.41,2691.06,2314.11,2313.41,2691.67,2784.85,14849.74,2786.02,14845.7,2691.06,2691.67
EliteWantCommonGood,EndogPublicGoods,BIC,17373.04,2561.13,2556.44,2925.03,14037.06,14066.92,15295.22,2564.53,2556.44,2926.21,14035.01,14066.92,15291.19,2459.79,2453.31,2830.96,2460.08,2453.31,2831.57,2925.03,15295.22,2926.21,15291.19,2830.96,2831.57
EliteWantCommonGood,EndogPublicGoods,loglike,-8397.97,-1183.25,-1184.96,-1369.26,-6727.79,-6747.26,-7361.41,-1184.95,-1184.96,-1369.85,-6726.76,-6747.26,-7359.39,-1132.73,-1133.54,-1322.36,-1132.87,-1133.54,-1322.66,-1369.26,-7361.41,-1369.85,-7359.39,-1322.36,-1322.66
GoodsRatio,EndogPublicGoods,betaw,0.11,0.13,0.13,,0.11,0.11,,0.13,0.13,,0.11,0.11,,0.13,0.13,,0.13,0.13,,,,,,,
GoodsRatio,EndogPublicGoods,betap,,0.01,,0.01,0.0,,0.0,0.01,,0.02,0.0,,0.0,0.0,,0.0,0.0,,0.0,0.01,0.0,0.02,0.0,0.0,0.0
GoodsRatio,EndogPublicGoods,tstatw,4.3,4.58,4.57,,4.13,4.22,,4.49,4.57,,4.12,4.22,,4.57,4.58,,4.57,4.58,,,,,,,
GoodsRatio,EndogPublicGoods,tstatp,,0.75,,0.74,1.48,,1.95,1.37,,1.8,1.51,,1.99,1.07,,0.88,1.12,,0.97,0.74,1.95,1.8,1.99,0.88,0.97
GoodsRatio,EndogPublicGoods,AIC,-29522.84,-16999.72,-16998.0,-16636.98,-29205.55,-29164.58,-28575.35,-17007.37,-16998.0,-16653.09,-29207.33,-29164.58,-28578.45,-16764.03,-16759.22,-16402.01,-16764.67,-16759.22,-16402.96,-16636.98,-28575.35,-16653.09,-28578.45,-16402.01,-16402.96
GoodsRatio,EndogPublicGoods,BIC,-29073.15,-16853.45,-16857.81,-16496.8,-28753.07,-28719.16,-28129.93,-16861.1,-16857.81,-16512.91,-28754.85,-28719.16,-28133.03,-16618.06,-16619.32,-16262.1,-16618.7,-16619.32,-16263.06,-16496.8,-28129.93,-16512.91,-28133.03,-16262.1,-16263.06
GoodsRatio,EndogPublicGoods,loglike,14824.85,8524.04,8522.17,8341.66,14667.25,14645.75,14351.13,8527.87,8522.17,8349.71,14668.14,14645.75,14352.68,8406.2,8402.78,8224.17,8406.52,8402.78,8224.65,8341.66,14351.13,8349.71,14352.68,8224.17,8224.65
PrivateorPublicGoods,EndogPublicGoods,betaw,0.98,2.57,2.57,,0.96,0.95,,2.57,2.57,,0.96,0.95,,2.57,2.57,,2.57,2.57,,,,,,,
PrivateorPublicGoods,EndogPublicGoods,betap,,-0.06,,-0.05,-0.0,,0.0,0.02,,0.13,-0.0,,0.0,-0.02,,-0.02,-0.03,,-0.03,-0.05,0.0,0.13,0.0,-0.02,-0.03
PrivateorPublicGoods,EndogPublicGoods,tstatw,2.98,5.6,5.61,,2.85,2.82,,5.63,5.61,,2.85,2.82,,5.61,5.61,,5.61,5.61,,,,,,,
PrivateorPublicGoods,EndogPublicGoods,tstatp,,-0.34,,-0.26,-0.22,,0.27,0.09,,0.68,-0.22,,0.28,-0.89,,-0.97,-0.86,,-0.9,-0.26,0.27,0.68,0.28,-0.97,-0.9
PrivateorPublicGoods,EndogPublicGoods,AIC,17849.46,1936.18,1934.77,2401.61,15332.0,15330.69,15658.12,1936.75,1934.77,2399.24,15331.99,15330.69,15658.05,1751.86,1754.8,2237.42,1752.27,1754.8,2238.36,2401.61,15658.12,2399.24,15658.05,2237.42,2238.36
PrivateorPublicGoods,EndogPublicGoods,BIC,18299.72,2082.45,2074.95,2541.79,15784.54,15776.18,16103.6,2083.02,2074.95,2539.43,15784.54,15776.18,16103.54,1897.83,1894.7,2377.32,1898.24,1894.7,2378.26,2541.79,16103.6,2539.43,16103.54,2377.32,2378.26
PrivateorPublicGoods,EndogPublicGoods,loglike,-8861.3,-943.91,-944.22,-1177.64,-7601.52,-7601.89,-7765.6,-944.19,-944.22,-1176.45,-7601.52,-7601.89,-7765.57,-851.74,-854.23,-1095.54,-851.95,-854.23,-1096.01,-1177.64,-7765.6,-1176.45,-7765.57,-1095.54,-1096.01
PublicGood,EndogPublicGoods,betaw,0.25,0.15,0.15,,0.24,0.25,,0.15,0.15,,0.24,0.25,,0.15,0.15,,0.15,0.15,,,,,,,
PublicGood,EndogPublicGoods,betap,,0.02,,0.02,0.0,,0.0,0.03,,0.04,0.0,,0.0,0.0,,0.0,0.0,,0.0,0.02,0.0,0.04,0.0,0.0,0.0
PublicGood,EndogPublicGoods,tstatw,8.28,4.32,4.31,,8.02,8.18,,4.16,4.31,,8.01,8.18,,4.39,4.32,,4.38,4.32,,,,,,,
PublicGood,EndogPublicGoods,tstatp,,1.66,,1.81,1.85,,2.58,2.52,,3.31,1.85,,2.59,1.57,,1.33,1.62,,1.41,1.81,2.58,3.31,2.59,1.33,1.41
PublicGood,EndogPublicGoods,AIC,-24833.32,-15304.62,-15293.14,-15016.22,-24858.08,-24779.39,-23040.69,-15327.19,-15293.14,-15050.45,-24857.57,-24779.39,-23041.81,-15088.38,-15070.57,-14799.21,-15090.11,-15070.57,-14801.43,-15016.22,-23040.69,-15050.45,-23041.81,-14799.21,-14801.43
PublicGood,EndogPublicGoods,BIC,-24383.35,-15158.36,-15152.96,-14876.04,-24405.61,-24333.97,-22595.27,-15180.93,-15152.96,-14910.27,-24405.09,-24333.97,-22596.39,-14942.41,-14930.66,-14659.31,-14944.14,-14930.66,-14661.53,-14876.04,-22595.27,-14910.27,-22596.39,-14659.31,-14661.53
PublicGood,EndogPublicGoods,loglike,12480.09,7676.49,7669.74,7531.28,12493.52,12453.15,11583.8,7687.78,7669.74,7548.39,12493.26,12453.15,11584.37,7568.37,7558.45,7422.77,7569.24,7558.45,7423.88,7531.28,11583.8,7548.39,11584.37,7422.77,7423.88
PublicWantCommonGood,EndogPublicGoods,betaw,3.96,5.36,5.36,,4.01,4.03,,5.38,5.36,,4.01,4.03,,5.35,5.36,,5.36,5.36,,,,,,,
PublicWantCommonGood,EndogPublicGoods,betap,,-0.51,,-0.48,0.01,,0.03,-0.24,,0.0,0.01,,0.03,-0.06,,-0.07,-0.08,,-0.09,-0.48,0.03,0.0,0.03,-0.07,-0.09
PublicWantCommonGood,EndogPublicGoods,tstatw,18.65,7.1,7.08,,17.98,18.26,,7.05,7.08,,17.98,18.26,,7.31,7.08,,7.3,7.08,,,,,,,
PublicWantCommonGood,EndogPublicGoods,tstatp,,-1.67,,-1.53,0.89,,2.09,-0.9,,0.01,0.91,,2.12,-1.82,,-1.53,-1.77,,-1.45,-1.53,2.09,0.01,2.12,-1.53,-1.45
PublicWantCommonGood,EndogPublicGoods,AIC,15627.3,2574.83,2605.25,4013.13,13513.81,13526.64,18773.66,2598.97,2605.25,4031.81,13513.25,13526.64,18770.52,2516.54,2550.91,3954.9,2518.86,2550.91,3958.45,4013.13,18773.66,4031.81,18770.52,3954.9,3958.45
PublicWantCommonGood,EndogPublicGoods,BIC,16077.56,2721.1,2745.44,4153.31,13966.35,13972.13,19219.15,2745.24,2745.44,4171.99,13965.79,13972.13,19216.0,2662.51,2690.81,4094.8,2664.83,2690.81,4098.35,4153.31,19219.15,4171.99,19216.0,4094.8,4098.35
PublicWantCommonGood,EndogPublicGoods,loglike,-7750.22,-1263.24,-1279.46,-1983.4,-6692.43,-6699.86,-9323.37,-1275.3,-1279.46,-1992.74,-6692.15,-6699.86,-9321.8,-1234.09,-1252.28,-1954.28,-1235.25,-1252.28,-1956.06,-1983.4,-9323.37,-1992.74,-9321.8,-1954.28,-1956.06
CivilLiberties,Freedoms,betaw,1.22,1.27,1.27,,1.22,1.23,,1.27,1.27,,1.22,1.23,,1.27,1.27,,1.27,1.27,,,,,,,
CivilLiberties,Freedoms,betap,,0.0,,0.01,0.0,,0.01,0.02,,0.07,0.0,,0.01,-0.0,,-0.0,-0.0,,-0.0,0.01,0.01,0.07,0.01,-0.0,-0.0
CivilLiberties,Freedoms,tstatw,36.67,15.03,15.04,,35.41,36.2,,14.97,15.04,,35.39,36.2,,15.08,15.03,,15.08,15.03,,,,,,,
CivilLiberties,Freedoms,tstatp,,0.03,,0.14,1.51,,2.56,0.41,,1.37,1.5,,2.59,-0.6,,-0.61,-0.56,,-0.51,0.14,2.56,1.37,2.59,-0.61,-0.51
CivilLiberties,Freedoms,AIC,-20077.92,-10614.6,-10616.62,-7427.72,-19516.92,-19469.93,-6902.62,-10616.43,-10616.62,-7443.28,-19516.21,-19469.93,-6905.52,-10458.47,-10457.74,-7305.59,-10458.12,-10457.74,-7304.58,-7427.72,-6902.62,-7443.28,-6905.52,-7305.59,-7304.58
CivilLiberties,Freedoms,BIC,-19627.67,-10468.33,-10476.43,-7287.53,-19064.38,-19024.44,-6457.13,-10470.17,-10476.43,-7303.1,-19063.67,-19024.44,-6460.04,-10312.5,-10317.83,-7165.68,-10312.15,-10317.83,-7164.68,-7287.53,-6457.13,-7303.1,-6460.04,-7165.68,-7164.68
CivilLiberties,Freedoms,loglike,10102.39,5331.48,5331.48,3737.03,9822.94,9798.42,3514.77,5332.4,5331.48,3744.81,9822.58,9798.42,3516.22,5253.42,5252.04,3675.96,5253.25,5252.04,3675.46,3737.03,3514.77,3744.81,3516.22,3675.96,3675.46
FreeElections,Freedoms,betaw,5.29,6.91,6.93,,5.25,5.37,,6.88,6.93,,5.25,5.37,,6.91,6.92,,6.91,6.92,,,,,,,
FreeElections,Freedoms,betap,,0.28,,0.5,0.04,,0.08,0.45,,0.74,0.04,,0.08,-0.02,,-0.04,-0.02,,-0.04,0.5,0.08,0.74,0.08,-0.04,-0.04
FreeElections,Freedoms,tstatw,21.48,13.37,13.57,,21.15,21.85,,13.26,13.57,,21.15,21.85,,13.48,13.57,,13.49,13.57,,,,,,,
FreeElections,Freedoms,tstatp,,0.64,,0.88,3.34,,4.06,1.18,,1.42,3.37,,4.09,-0.46,,-0.8,-0.41,,-0.74,0.88,4.06,1.42,4.09,-0.8,-0.74
FreeElections,Freedoms,AIC,13931.91,3067.59,3070.63,4309.44,12899.4,13042.77,17943.21,3057.79,3070.63,4293.36,12897.97,13042.77,17939.23,3038.15,3037.65,4274.41,3038.46,3037.65,4275.22,4309.44,17943.21,4293.36,17939.23,4274.41,4275.22
FreeElections,Freedoms,BIC,14370.55,3212.26,3209.29,4448.09,13341.35,13477.83,18378.27,3202.45,3209.29,4432.01,13339.92,13477.83,18374.29,3182.5,3176.0,4412.76,3182.81,3176.0,4413.57,4448.09,18378.27,4432.01,18374.29,4412.76,4413.57
FreeElections,Freedoms,loglike,-6902.44,-1509.6,-1512.14,-2131.54,-6385.14,-6457.84,-8908.06,-1504.7,-1512.14,-2123.5,-6384.43,-6457.84,-8906.07,-1494.88,-1495.64,-2114.02,-1495.03,-1495.64,-2114.43,-2131.54,-8908.06,-2123.5,-8906.07,-2114.02,-2114.43
FreeMovement,Freedoms,betaw,0.54,0.28,0.28,,0.55,0.55,,0.27,0.28,,0.55,0.55,,0.28,0.28,,0.28,0.28,,,,,,,
FreeMovement,Freedoms,betap,,0.06,,0.06,0.0,,0.01,0.06,,0.07,0.0,,0.01,-0.0,,-0.0,-0.0,,-0.0,0.06,0.01,0.07,0.01,-0.0,-0.0
FreeMovement,Freedoms,tstatw,7.76,2.98,2.99,,7.6,7.62,,2.91,2.99,,7.59,7.62,,3.01,3.01,,3.01,3.01,,,,,,,
FreeMovement,Freedoms,tstatp,,0.99,,1.03,1.42,,2.16,0.97,,1.28,1.43,,2.18,-0.14,,-0.22,-0.13,,-0.19,1.03,2.16,1.28,2.18,-0.22,-0.19
FreeMovement,Freedoms,AIC,-13551.67,-10758.86,-10736.17,-10500.72,-14279.47,-14249.75,-11627.23,-10759.16,-10736.17,-10511.4,-14279.96,-14249.75,-11629.65,-10597.37,-10599.22,-10338.38,-10597.35,-10599.22,-10338.25,-10500.72,-11627.23,-10511.4,-11629.65,-10338.38,-10338.25
FreeMovement,Freedoms,BIC,-13101.41,-10612.6,-10595.99,-10360.53,-13826.93,-13804.27,-11181.74,-10612.89,-10595.99,-10371.21,-13827.42,-13804.27,-11184.17,-10451.4,-10459.31,-10198.48,-10451.38,-10459.31,-10198.35,-10360.53,-11181.74,-10371.21,-11184.17,-10198.48,-10198.35
FreeMovement,Freedoms,loglike,6839.26,5403.61,5391.25,5273.53,7204.21,7188.34,5877.07,5403.76,5391.25,5278.87,7204.45,7188.34,5878.29,5322.87,5322.78,5192.36,5322.86,5322.78,5192.29,5273.53,5877.07,5278.87,5878.29,5192.36,5192.29
PolRights,Freedoms,betaw,6.8,6.32,6.32,,6.75,6.71,,6.3,6.32,,6.76,6.71,,6.32,6.32,,6.32,6.32,,,,,,,
PolRights,Freedoms,betap,,0.35,,0.38,-0.03,,0.01,0.25,,0.54,-0.03,,0.01,-0.0,,-0.01,-0.01,,-0.01,0.38,0.01,0.54,0.01,-0.01,-0.01
PolRights,Freedoms,tstatw,21.98,8.22,8.26,,21.4,21.29,,8.1,8.26,,21.41,21.29,,8.24,8.23,,8.24,8.23,,,,,,,
PolRights,Freedoms,tstatp,,1.27,,0.97,-1.69,,0.5,0.93,,1.35,-1.68,,0.53,-0.11,,-0.25,-0.11,,-0.2,0.97,0.5,1.35,0.53,-0.25,-0.2
PolRights,Freedoms,AIC,16815.87,4826.6,4832.1,5901.05,16077.39,16108.04,21121.05,4829.65,4832.1,5892.54,16077.36,16108.04,21120.56,4732.67,4730.73,5814.82,4732.66,4730.73,5815.04,5901.05,21121.05,5892.54,21120.56,5814.82,5815.04
PolRights,Freedoms,BIC,17161.11,4972.86,4972.29,6041.23,16427.94,16451.73,21464.74,4975.92,4972.29,6032.72,16427.91,16451.73,21464.25,4878.64,4870.64,5954.72,4878.63,4870.64,5954.94,6041.23,21464.74,6032.72,21464.25,5954.72,5954.94
PolRights,Freedoms,loglike,-8357.59,-2389.12,-2392.88,-2927.36,-7987.33,-8003.67,-10510.17,-2390.65,-2392.88,-2923.1,-7987.31,-8003.67,-10509.93,-2342.15,-2342.2,-2884.24,-2342.15,-2342.2,-2884.35,-2927.36,-10510.17,-2923.1,-10509.93,-2884.24,-2884.35
PropertyRights,Freedoms,betaw,0.49,0.19,0.19,,0.48,0.48,,0.18,0.19,,0.48,0.48,,0.19,0.19,,0.19,0.19,,,,,,,
PropertyRights,Freedoms,betap,,0.0,,0.0,0.0,,0.0,0.02,,0.03,0.0,,0.01,0.0,,0.0,0.0,,0.0,0.0,0.0,0.03,0.01,0.0,0.0
PropertyRights,Freedoms,tstatw,7.66,2.49,2.49,,7.14,7.17,,2.48,2.49,,7.13,7.17,,2.49,2.49,,2.48,2.49,,,,,,,
PropertyRights,Freedoms,tstatp,,0.01,,0.05,1.18,,2.09,0.73,,1.08,1.2,,2.12,0.26,,0.16,0.34,,0.26,0.05,2.09,1.08,2.12,0.16,0.26
PropertyRights,Freedoms,AIC,-16783.81,-12132.66,-12134.68,-11959.0,-16663.51,-16638.02,-13982.33,-12137.13,-12134.68,-11967.74,-16664.05,-16638.02,-13984.81,-11952.39,-11953.97,-11780.32,-11952.67,-11953.97,-11780.59,-11959.0,-13982.33,-11967.74,-13984.81,-11780.32,-11780.59
PropertyRights,Freedoms,BIC,-16333.56,-11986.39,-11994.5,-11818.82,-16210.97,-16192.53,-13536.84,-11990.86,-11994.5,-11827.55,-16211.51,-16192.53,-13539.33,-11806.42,-11814.06,-11640.41,-11806.7,-11814.06,-11640.69,-11818.82,-13536.84,-11827.55,-13539.33,-11640.41,-11640.69
PropertyRights,Freedoms,loglike,8455.33,6090.51,6090.51,6002.67,8396.23,8382.47,7054.62,6092.75,6090.51,6007.04,8396.5,8382.47,7055.87,6000.38,6000.15,5913.33,6000.52,6000.15,5913.46,6002.67,7054.62,6007.04,7055.87,5913.33,5913.46
ReligiousFreedom,Freedoms,betaw,2.98,1.64,1.63,,2.98,3.03,,1.64,1.63,,2.97,3.03,,1.64,1.64,,1.64,1.64,,,,,,,
ReligiousFreedom,Freedoms,betap,,-0.16,,-0.15,0.03,,0.04,-0.04,,0.04,0.03,,0.04,0.02,,0.01,0.02,,0.02,-0.15,0.04,0.04,0.04,0.01,0.02
ReligiousFreedom,Freedoms,tstatw,9.32,3.42,3.42,,8.88,8.97,,3.41,3.42,,8.87,8.97,,3.4,3.41,,3.4,3.41,,,,,,,
ReligiousFreedom,Freedoms,tstatp,,-1.13,,-0.99,2.15,,2.91,-0.23,,0.23,2.17,,2.96,0.73,,0.63,0.78,,0.72,-0.99,2.91,0.23,2.96,0.63,0.72
ReligiousFreedom,Freedoms,AIC,15506.09,1006.89,1010.1,1263.35,13273.55,13402.07,16614.94,1011.84,1010.1,1267.32,13272.13,13402.07,16610.57,1028.93,1030.8,1283.26,1028.4,1030.8,1282.55,1263.35,16614.94,1267.32,16610.57,1283.26,1282.55
ReligiousFreedom,Freedoms,BIC,15956.34,1153.16,1150.28,1403.53,13726.09,13847.55,17060.43,1158.11,1150.28,1407.51,13724.67,13847.55,17056.06,1174.9,1170.71,1423.17,1174.37,1170.71,1422.45,1403.53,17060.43,1407.51,17056.06,1423.17,1422.45
ReligiousFreedom,Freedoms,loglike,-7689.62,-479.26,-481.88,-608.51,-6572.3,-6637.57,-8244.01,-481.74,-481.88,-610.49,-6571.59,-6637.57,-8241.83,-490.28,-492.23,-618.46,-490.02,-492.23,-618.11,-608.51,-8244.01,-610.49,-8241.83,-618.46,-618.11
RespectConstitution,Freedoms,betaw,3.64,4.94,4.94,,3.76,3.75,,4.93,4.94,,3.77,3.75,,4.95,4.96,,4.95,4.96,,,,,,,
RespectConstitution,Freedoms,betap,,0.08,,0.11,-0.01,,0.01,0.17,,0.39,-0.01,,0.01,-0.02,,-0.02,-0.02,,-0.03,0.11,0.01,0.39,0.01,-0.02,-0.03
RespectConstitution,Freedoms,tstatw,11.67,7.27,7.27,,11.52,11.53,,7.22,7.27,,11.52,11.53,,7.29,7.28,,7.29,7.28,,,,,,,
RespectConstitution,Freedoms,tstatp,,0.49,,0.5,-0.77,,0.84,1.05,,1.56,-0.77,,0.86,-0.77,,-0.97,-0.71,,-0.84,0.5,0.84,1.56,0.86,-0.97,-0.84
RespectConstitution,Freedoms,AIC,15956.37,1317.86,1317.09,3024.67,13964.77,13973.44,18550.69,1313.16,1317.09,3006.56,13964.67,13973.44,18549.97,1246.55,1248.52,2974.86,1247.15,1248.52,2976.13,3024.67,18550.69,3006.56,18549.97,2974.86,2976.13
RespectConstitution,Freedoms,BIC,16406.35,1464.13,1457.28,3164.86,14417.31,14418.93,18996.18,1459.43,1457.28,3146.74,14417.22,14418.93,18995.46,1392.52,1388.42,3114.76,1393.12,1388.42,3116.03,3164.86,18996.18,3146.74,18995.46,3114.76,3116.03
RespectConstitution,Freedoms,loglike,-7914.76,-634.75,-635.38,-1489.17,-6917.91,-6923.26,-9211.89,-632.4,-635.38,-1480.11,-6917.86,-6923.26,-9211.52,-599.09,-601.09,-1464.26,-599.39,-601.09,-1464.89,-1489.17,-9211.89,-1480.11,-9211.52,-1464.26,-1464.89
RuleofLaw,Freedoms,betaw,0.53,0.74,0.74,,0.53,0.53,,0.74,0.74,,0.53,0.53,,0.74,0.74,,0.74,0.74,,,,,,,
RuleofLaw,Freedoms,betap,,0.01,,0.02,0.0,,0.0,0.0,,0.04,0.0,,0.0,-0.0,,-0.0,-0.0,,-0.0,0.02,0.0,0.04,0.0,-0.0,-0.0
RuleofLaw,Freedoms,tstatw,11.62,5.93,5.93,,11.42,11.46,,5.9,5.93,,11.42,11.46,,5.94,5.94,,5.95,5.94,,,,,,,
RuleofLaw,Freedoms,tstatp,,0.36,,0.39,0.04,,1.13,0.14,,0.95,0.05,,1.16,-0.75,,-0.86,-0.76,,-0.79,0.39,1.13,0.95,1.16,-0.86,-0.79
RuleofLaw,Freedoms,AIC,-17837.51,-10286.64,-10287.81,-8961.78,-17748.99,-17750.98,-14254.33,-10285.94,-10287.81,-8967.56,-17749.03,-17750.98,-14256.16,-10143.1,-10142.0,-8826.74,-10143.11,-10142.0,-8826.08,-8961.78,-14254.33,-8967.56,-14256.16,-8826.74,-8826.08
RuleofLaw,Freedoms,BIC,-17387.37,-10140.37,-10147.62,-8821.6,-17296.45,-17305.49,-13808.85,-10139.68,-10147.62,-8827.38,-17296.48,-17305.49,-13810.67,-9997.13,-10002.1,-8686.83,-9997.14,-10002.1,-8686.18,-8821.6,-13808.85,-8827.38,-13810.67,-8686.83,-8686.18
RuleofLaw,Freedoms,loglike,8982.18,5167.5,5167.07,4504.06,8938.97,8938.95,7190.63,5167.15,5167.07,4506.95,8938.99,8938.95,7191.54,5095.73,5094.17,4436.54,5095.74,5094.17,4436.21,4504.06,7190.63,4506.95,7191.54,4436.54,4436.21
JudgeCorrupt,KeyCorruptions,betaw,-0.41,-0.87,-0.87,,-0.41,-0.4,,-0.85,-0.87,,-0.41,-0.4,,-0.87,-0.87,,-0.87,-0.87,,,,,,,
JudgeCorrupt,KeyCorruptions,betap,,-0.23,,-0.23,0.0,,0.0,-0.25,,-0.29,0.0,,0.0,0.01,,0.01,0.01,,0.01,-0.23,0.0,-0.29,0.0,0.01,0.01
JudgeCorrupt,KeyCorruptions,tstatw,-1.46,-2.57,-2.56,,-1.4,-1.37,,-2.51,-2.56,,-1.4,-1.37,,-2.56,-2.56,,-2.57,-2.56,,,,,,,
JudgeCorrupt,KeyCorruptions,tstatp,,-1.14,,-1.19,0.28,,0.08,-1.35,,-1.56,0.26,,0.05,0.47,,0.55,0.44,,0.5,-1.19,0.08,-1.56,0.05,0.55,0.5
JudgeCorrupt,KeyCorruptions,AIC,13345.63,368.27,378.79,456.68,11550.19,11550.11,11639.95,364.08,378.79,447.5,11550.55,11550.11,11640.05,395.72,394.92,483.65,395.85,394.92,483.91,456.68,11639.95,447.5,11640.05,483.65,483.91
JudgeCorrupt,KeyCorruptions,BIC,13795.47,514.5,518.94,596.83,12002.49,11995.35,12085.19,510.31,518.94,587.65,12002.84,11995.35,12085.28,541.66,534.79,623.51,541.78,534.79,623.77,596.83,12085.19,587.65,12085.28,623.51,623.77
JudgeCorrupt,KeyCorruptions,loglike,-6609.39,-159.95,-166.23,-205.17,-5710.62,-5711.59,-5756.51,-157.86,-166.23,-200.58,-5710.8,-5711.59,-5756.56,-173.68,-174.29,-218.65,-173.74,-174.29,-218.78,-205.17,-5756.51,-200.58,-5756.56,-218.65,-218.78
StateOwnsEconomy,KeyCorruptions,betaw,-2.32,-1.67,-1.67,,-2.4,-2.38,,-1.67,-1.67,,-2.4,-2.38,,-1.66,-1.67,,-1.66,-1.67,,,,,,,
StateOwnsEconomy,KeyCorruptions,betap,,0.04,,0.03,0.01,,-0.0,0.06,,-0.02,0.01,,-0.0,0.01,,0.01,0.02,,0.02,0.03,-0.0,-0.02,-0.0,0.01,0.02
StateOwnsEconomy,KeyCorruptions,tstatw,-6.23,-3.33,-3.33,,-6.24,-6.15,,-3.34,-3.33,,-6.24,-6.15,,-3.33,-3.33,,-3.33,-3.33,,,,,,,
StateOwnsEconomy,KeyCorruptions,tstatp,,0.38,,0.25,0.8,,-0.24,0.5,,-0.15,0.81,,-0.24,0.63,,0.74,0.63,,0.7,0.25,-0.24,-0.15,-0.24,0.74,0.7
StateOwnsEconomy,KeyCorruptions,AIC,18087.7,-256.2,-257.68,126.39,15759.15,15769.34,17557.21,-256.68,-257.68,126.56,15758.92,15769.34,17557.12,-217.88,-216.98,158.99,-217.89,-216.98,159.36,126.39,17557.21,126.56,17557.12,158.99,159.36
StateOwnsEconomy,KeyCorruptions,BIC,18537.96,-109.93,-117.5,266.58,16211.69,16214.82,18002.7,-110.42,-117.5,266.75,16211.46,16214.82,18002.61,-71.91,-77.08,298.9,-71.92,-77.08,299.26,266.58,18002.7,266.75,18002.61,298.9,299.26
StateOwnsEconomy,KeyCorruptions,loglike,-8980.42,152.28,152.01,-40.03,-7815.1,-7821.21,-8715.15,152.52,152.01,-40.11,-7814.98,-7821.21,-8715.1,133.12,131.66,-56.33,133.13,131.66,-56.51,-40.03,-8715.15,-40.11,-8715.1,-56.33,-56.51
FreeExpression,KeyPublicGoods,betaw,1.11,1.16,1.16,,1.12,1.13,,1.15,1.16,,1.12,1.13,,1.16,1.16,,1.16,1.16,,,,,,,
FreeExpression,KeyPublicGoods,betap,,0.04,,0.05,0.0,,0.01,0.05,,0.1,0.0,,0.01,-0.0,,-0.01,-0.0,,-0.01,0.05,0.01,0.1,0.01,-0.01,-0.01
FreeExpression,KeyPublicGoods,tstatw,26.8,11.24,11.21,,26.59,26.9,,11.17,11.21,,26.58,26.9,,11.23,11.19,,11.23,11.19,,,,,,,
FreeExpression,KeyPublicGoods,tstatp,,0.77,,0.77,1.44,,2.52,1.04,,1.93,1.43,,2.55,-0.77,,-0.82,-0.74,,-0.72,0.77,2.52,1.93,2.55,-0.82,-0.72
FreeExpression,KeyPublicGoods,AIC,-16851.8,-9355.51,-9349.94,-7202.81,-16604.41,-16562.88,-7098.8,-9360.97,-9349.94,-7226.24,-16603.77,-16562.88,-7101.35,-9210.47,-9207.43,-7082.32,-9210.05,-9207.43,-7081.11,-7202.81,-7098.8,-7226.24,-7101.35,-7082.32,-7081.11
FreeExpression,KeyPublicGoods,BIC,-16401.55,-9209.25,-9209.76,-7062.63,-16151.87,-16117.39,-6653.31,-9214.7,-9209.76,-7086.06,-16151.23,-16117.39,-6655.86,-9064.5,-9067.52,-6942.42,-9064.08,-9067.52,-6941.21,-7062.63,-6653.31,-7086.06,-6655.86,-6942.42,-6941.21
FreeExpression,KeyPublicGoods,loglike,8489.33,4701.94,4698.14,3624.57,8366.68,8344.9,3612.86,4704.67,4698.14,3636.29,8366.36,8344.9,3614.13,4629.42,4626.88,3564.33,4629.21,4626.88,3563.72,3624.57,3612.86,3636.29,3614.13,3564.33,3563.72
JudicialIndep,KeyPublicGoods,betaw,2.77,3.87,3.87,,2.87,2.91,,3.89,3.87,,2.87,2.91,,3.87,3.87,,3.87,3.87,,,,,,,
JudicialIndep,KeyPublicGoods,betap,,-0.14,,-0.12,0.02,,0.03,-0.18,,-0.0,0.02,,0.03,-0.01,,-0.01,-0.01,,-0.02,-0.12,0.03,-0.0,0.03,-0.01,-0.02
JudicialIndep,KeyPublicGoods,tstatw,10.56,9.83,9.83,,10.66,10.85,,9.83,9.83,,10.66,10.85,,9.85,9.83,,9.85,9.83,,,,,,,
JudicialIndep,KeyPublicGoods,tstatp,,-0.97,,-0.63,1.53,,2.57,-1.32,,-0.0,1.52,,2.58,-0.29,,-0.4,-0.31,,-0.37,-0.63,2.57,-0.0,2.58,-0.4,-0.37
JudicialIndep,KeyPublicGoods,AIC,15375.72,2084.94,2085.71,3022.66,13293.78,13337.37,16423.42,2082.49,2085.71,3024.17,13294.57,13337.37,16422.48,2052.76,2051.63,2991.2,2052.65,2051.63,2991.46,3022.66,16423.42,3024.17,16422.48,2991.2,2991.46
JudicialIndep,KeyPublicGoods,BIC,15825.68,2231.19,2225.88,3162.83,13746.1,13782.63,16868.68,2228.74,2225.88,3164.34,13746.88,13782.63,16867.74,2198.71,2191.52,3131.08,2198.61,2191.52,3131.34,3162.83,16868.68,3164.34,16867.74,3131.08,3131.34
JudicialIndep,KeyPublicGoods,loglike,-7624.43,-1018.29,-1019.69,-1488.16,-6582.42,-6605.23,-8148.25,-1017.06,-1019.69,-1488.92,-6582.81,-6605.23,-8147.78,-1002.19,-1002.64,-1472.43,-1002.14,-1002.64,-1472.56,-1488.16,-8148.25,-1488.92,-8147.78,-1472.43,-1472.56
TransparentLaws,KeyPublicGoods,betaw,3.12,2.98,2.98,,3.17,3.15,,2.97,2.98,,3.17,3.15,,2.98,2.98,,2.98,2.98,,,,,,,
TransparentLaws,KeyPublicGoods,betap,,0.03,,0.04,-0.01,,0.01,0.11,,0.25,-0.01,,0.01,-0.01,,-0.01,-0.01,,-0.01,0.04,0.01,0.25,0.01,-0.01,-0.01
TransparentLaws,KeyPublicGoods,tstatw,13.8,5.92,5.92,,13.25,13.33,,5.9,5.92,,13.24,13.33,,5.94,5.93,,5.94,5.93,,,,,,,
TransparentLaws,KeyPublicGoods,tstatp,,0.14,,0.22,-0.72,,0.65,0.67,,1.4,-0.71,,0.68,-0.35,,-0.45,-0.32,,-0.38,0.22,0.65,1.4,0.68,-0.45,-0.38
TransparentLaws,KeyPublicGoods,AIC,14127.51,1210.19,1208.31,1954.32,12281.8,12293.21,16333.89,1207.57,1208.31,1943.93,12282.44,12293.21,16332.8,1207.2,1206.13,1947.97,1207.4,1206.13,1948.53,1954.32,16333.89,1943.93,16332.8,1947.97,1948.53
TransparentLaws,KeyPublicGoods,BIC,14577.76,1356.46,1348.49,2094.51,12734.34,12738.69,16779.37,1353.83,1348.49,2084.11,12734.98,12738.69,16778.28,1353.17,1346.04,2087.87,1353.37,1346.04,2088.43,2094.51,16779.37,2084.11,16778.28,2087.87,2088.43
TransparentLaws,KeyPublicGoods,loglike,-7000.33,-580.91,-580.99,-953.99,-6076.42,-6083.14,-8103.48,-579.6,-580.99,-948.8,-6076.75,-6083.14,-8102.94,-579.41,-579.9,-950.81,-579.51,-579.9,-951.09,-953.99,-8103.48,-948.8,-8102.94,-950.81,-951.09
CleanWater,OtherMeasures,betaw,1.88,2.39,1.9,,1.12,1.89,,3.3,1.9,,1.07,1.89,,1.16,1.89,,1.11,1.89,,,,,,,
CleanWater,OtherMeasures,betap,,-7.12,,-7.0,0.48,,0.49,-7.19,,-6.78,0.48,,0.49,0.66,,0.67,0.87,,0.89,-7.0,0.49,-6.78,0.49,0.67,0.89
CleanWater,OtherMeasures,tstatw,0.51,0.64,0.51,,0.28,0.51,,0.82,0.51,,0.27,0.51,,0.3,0.51,,0.28,0.51,,,,,,,
CleanWater,OtherMeasures,tstatp,,-1.49,,-1.49,1.31,,1.33,-1.6,,-1.53,1.28,,1.31,1.18,,1.21,1.17,,1.2,-1.49,1.33,-1.53,1.31,1.21,1.2
CleanWater,OtherMeasures,AIC,10105.67,9990.95,10026.5,9992.1,9896.1,9931.81,9894.75,9984.48,10026.5,9988.42,9896.96,9931.81,9895.55,9902.26,9931.81,9900.96,9902.59,9931.81,9901.23,9992.1,9894.75,9988.42,9895.55,9900.96,9901.23
CleanWater,OtherMeasures,BIC,10234.5,10125.12,10155.1,10120.7,10030.02,10060.18,10023.12,10118.65,10155.1,10117.02,10030.88,10060.18,10023.91,10036.19,10060.18,10029.33,10036.52,10060.18,10029.6,10120.7,10023.12,10117.02,10023.91,10029.33,10029.6
CleanWater,OtherMeasures,loglike,-5029.56,-4971.18,-4989.97,-4972.78,-4923.75,-4942.63,-4924.1,-4967.94,-4989.97,-4970.93,-4924.18,-4942.63,-4924.49,-4926.83,-4942.63,-4927.2,-4926.99,-4942.63,-4927.34,-4972.78,-4924.1,-4970.93,-4924.49,-4927.2,-4927.34
ElectricAccess,OtherMeasures,betaw,11.31,7.43,7.72,,8.31,10.87,,6.86,7.72,,8.26,10.87,,7.63,7.67,,7.55,7.67,,,,,,,
ElectricAccess,OtherMeasures,betap,,13.01,,13.09,1.76,,1.79,12.93,,13.13,1.76,,1.79,2.26,,2.26,3.03,,3.03,13.09,1.79,13.13,1.79,2.26,3.03
ElectricAccess,OtherMeasures,tstatw,1.44,0.72,0.74,,1.16,1.35,,0.66,0.74,,1.16,1.35,,0.79,0.74,,0.78,0.74,,,,,,,
ElectricAccess,OtherMeasures,tstatp,,1.49,,1.48,4.32,,4.35,1.67,,1.66,4.36,,4.38,3.34,,3.27,3.36,,3.29,1.48,4.35,1.66,4.38,3.27,3.29
ElectricAccess,OtherMeasures,AIC,27740.99,20167.5,20240.12,20177.64,26494.81,26914.92,26515.45,20158.31,20240.12,20166.68,26492.72,26914.92,26513.11,19827.2,20004.19,19838.41,19825.64,20004.19,19836.59,20177.64,26515.45,20166.68,26513.11,19838.41,19836.59
ElectricAccess,OtherMeasures,BIC,27950.09,20312.71,20379.3,20316.81,26709.19,27123.01,26723.53,20303.52,20379.3,20305.86,26707.09,27123.01,26721.2,19972.11,20143.08,19977.3,19970.56,20143.08,19975.49,20316.81,26723.53,20305.86,26721.2,19977.3,19975.49
ElectricAccess,OtherMeasures,loglike,-13837.23,-10059.56,-10096.89,-10065.64,-13213.11,-13424.18,-13224.45,-10054.97,-10096.89,-10060.17,-13212.07,-13424.18,-13223.28,-9889.41,-9978.92,-9896.03,-9888.63,-9978.92,-9895.12,-10065.64,-13224.45,-10060.17,-13223.28,-9896.03,-9895.12
FoodConsumption,OtherMeasures,betaw,-0.29,-1.1,-0.61,,-0.43,-0.63,,-1.47,-0.61,,-0.45,-0.63,,-0.37,-0.63,,-0.39,-0.63,,,,,,,
FoodConsumption,OtherMeasures,betap,,8.13,,8.1,0.12,,0.12,6.31,,6.25,0.11,,0.12,0.25,,0.25,0.32,,0.32,8.1,0.12,6.25,0.12,0.25,0.32
FoodConsumption,OtherMeasures,tstatw,-0.06,-0.22,-0.13,,-0.09,-0.13,,-0.3,-0.13,,-0.09,-0.13,,-0.08,-0.13,,-0.08,-0.13,,,,,,,
FoodConsumption,OtherMeasures,tstatp,,2.0,,1.99,0.44,,0.45,1.53,,1.52,0.42,,0.43,0.59,,0.6,0.58,,0.59,1.99,0.45,1.52,0.43,0.6,0.59
FoodConsumption,OtherMeasures,AIC,15352.36,15094.03,15143.14,15092.37,15058.02,15057.64,15056.04,15110.31,15143.14,15108.93,15058.21,15057.64,15056.23,15056.47,15057.64,15054.47,15056.61,15057.64,15054.62,15092.37,15056.04,15108.93,15056.23,15054.47,15054.62
FoodConsumption,OtherMeasures,BIC,15476.41,15223.67,15266.9,15216.13,15187.51,15181.25,15179.66,15239.94,15266.9,15232.69,15187.69,15181.25,15179.85,15185.95,15181.25,15178.09,15186.09,15181.25,15178.24,15216.13,15179.66,15232.69,15179.85,15178.09,15178.24
FoodConsumption,OtherMeasures,loglike,-7655.01,-7524.83,-7550.4,-7525.01,-7506.82,-7507.65,-7506.85,-7532.97,-7550.4,-7533.3,-7506.91,-7507.65,-7506.94,-7506.04,-7507.65,-7506.07,-7506.12,-7507.65,-7506.14,-7525.01,-7506.85,-7533.3,-7506.94,-7506.07,-7506.14
HealthCare,OtherMeasures,betaw,0.22,0.67,0.67,,0.21,0.24,,0.66,0.67,,0.21,0.24,,0.67,0.67,,0.67,0.67,,,,,,,
HealthCare,OtherMeasures,betap,,-0.07,,-0.07,0.01,,0.02,0.07,,0.1,0.02,,0.02,0.03,,0.03,0.04,,0.04,-0.07,0.02,0.1,0.02,0.03,0.04
HealthCare,OtherMeasures,tstatw,0.89,2.32,2.32,,0.87,0.99,,2.3,2.32,,0.86,0.99,,2.32,2.31,,2.31,2.31,,,,,,,
HealthCare,OtherMeasures,tstatp,,-0.47,,-0.47,1.28,,1.37,0.53,,0.75,1.29,,1.38,1.61,,1.51,1.66,,1.58,-0.47,1.37,0.75,1.38,1.51,1.58
HealthCare,OtherMeasures,AIC,14338.21,-296.1,-296.49,-231.73,12113.05,12154.02,12134.64,-296.23,-296.49,-233.8,12112.51,12154.02,12133.94,-278.93,-264.39,-214.41,-280.12,-264.39,-215.89,-231.73,12134.64,-233.8,12133.94,-214.41,-215.89
HealthCare,OtherMeasures,BIC,14788.46,-149.84,-156.31,-91.55,12565.59,12599.5,12580.12,-149.97,-156.31,-93.61,12565.05,12599.5,12579.42,-132.96,-124.48,-74.51,-134.15,-124.48,-75.99,-91.55,12580.12,-93.61,12579.42,-74.51,-75.99
HealthCare,OtherMeasures,loglike,-7105.68,172.23,171.41,139.03,-5992.05,-6013.55,-6003.86,172.3,171.41,140.06,-5991.78,-6013.55,-6003.51,163.65,155.36,130.38,164.24,155.36,131.11,139.03,-6003.86,140.06,-6003.51,130.38,131.11
Hygiene,OtherMeasures,betaw,-1.54,-1.63,-1.55,,-1.81,-1.5,,-1.8,-1.55,,-1.83,-1.5,,-1.84,-1.5,,-1.85,-1.5,,,,,,,
Hygiene,OtherMeasures,betap,,1.35,,1.29,0.31,,0.3,3.21,,3.12,0.33,,0.31,0.48,,0.46,0.65,,0.63,1.29,0.3,3.12,0.31,0.46,0.63
Hygiene,OtherMeasures,tstatw,-0.34,-0.36,-0.34,,-0.4,-0.33,,-0.4,-0.34,,-0.4,-0.33,,-0.4,-0.33,,-0.4,-0.33,,,,,,,
Hygiene,OtherMeasures,tstatp,,0.29,,0.28,0.5,,0.48,0.73,,0.71,0.52,,0.51,0.52,,0.51,0.53,,0.52,0.28,0.48,0.71,0.51,0.51,0.52
Hygiene,OtherMeasures,AIC,5232.13,5130.25,5129.05,5129.03,5069.77,5072.48,5068.75,5125.68,5129.05,5124.67,5069.18,5072.48,5068.19,5069.15,5072.48,5068.16,5069.01,5072.48,5068.04,5129.03,5068.75,5124.67,5068.19,5068.16,5068.04
Hygiene,OtherMeasures,BIC,5345.95,5248.49,5242.41,5242.39,5187.68,5185.52,5181.79,5243.92,5242.41,5238.03,5187.09,5185.52,5181.23,5187.05,5185.52,5181.2,5186.92,5185.52,5181.08,5242.39,5181.79,5238.03,5181.23,5181.2,5181.08
Hygiene,OtherMeasures,loglike,-2592.55,-2540.55,-2541.0,-2540.99,-2510.3,-2512.7,-2510.84,-2538.27,-2541.0,-2538.81,-2510.01,-2512.7,-2510.56,-2509.99,-2512.7,-2510.55,-2509.92,-2512.7,-2510.48,-2540.99,-2510.84,-2538.81,-2510.56,-2510.55,-2510.48
InfantMortality,OtherMeasures,betaw,-42.79,-11.15,-11.56,,-41.96,-45.45,,-7.94,-11.56,,-41.89,-45.45,,-12.16,-11.65,,-12.01,-11.65,,,,,,,
InfantMortality,OtherMeasures,betap,,-36.19,,-36.26,-1.73,,-1.96,-34.77,,-35.13,-1.74,,-1.97,-2.32,,-2.3,-3.13,,-3.11,-36.26,-1.96,-35.13,-1.97,-2.3,-3.11
InfantMortality,OtherMeasures,tstatw,-3.83,-1.15,-1.2,,-3.74,-4.04,,-0.8,-1.2,,-3.74,-4.04,,-1.24,-1.21,,-1.23,-1.21,,,,,,,
InfantMortality,OtherMeasures,tstatp,,-4.3,,-4.39,-2.07,,-2.32,-4.68,,-4.81,-2.09,,-2.34,-1.86,,-1.84,-1.88,,-1.86,-4.39,-2.32,-4.81,-2.34,-1.84,-1.86
InfantMortality,OtherMeasures,AIC,89059.22,24518.58,24730.12,24527.16,81871.58,82080.46,82204.5,24505.11,24730.12,24508.45,81869.58,82080.46,82201.27,24385.97,24451.96,24395.93,24384.36,24451.96,24394.04,24527.16,82204.5,24508.45,82201.27,24395.93,24394.04
InfantMortality,OtherMeasures,BIC,89509.47,24664.84,24870.31,24667.34,82324.12,82525.94,82649.98,24651.37,24870.31,24648.63,82322.12,82525.94,82646.76,24531.94,24591.86,24535.83,24530.33,24591.86,24533.94,24667.34,82649.98,24648.63,82646.76,24535.83,24533.94
InfantMortality,OtherMeasures,loglike,-44466.18,-12235.11,-12341.89,-12240.41,-40871.32,-40976.77,-41038.79,-12228.37,-12341.89,-12231.06,-40870.32,-40976.77,-41037.18,-12168.8,-12202.81,-12174.79,-12168.0,-12202.81,-12173.85,-12240.41,-41038.79,-12231.06,-41037.18,-12174.79,-12173.85
LifeExpect,OtherMeasures,betaw,1.53,-0.11,-0.08,,1.03,1.38,,-0.42,-0.08,,1.02,1.38,,0.0,-0.07,,-0.02,-0.07,,,,,,,
LifeExpect,OtherMeasures,betap,,3.41,,3.41,0.17,,0.18,3.31,,3.29,0.17,,0.18,0.33,,0.33,0.44,,0.44,3.41,0.18,3.29,0.18,0.33,0.44
LifeExpect,OtherMeasures,tstatw,1.37,-0.08,-0.06,,0.92,1.26,,-0.3,-0.06,,0.91,1.26,,0.0,-0.05,,-0.01,-0.05,,,,,,,
LifeExpect,OtherMeasures,tstatp,,3.68,,3.68,2.2,,2.31,4.18,,4.19,2.23,,2.35,1.65,,1.65,1.68,,1.68,3.68,2.31,4.19,2.35,1.65,1.68
LifeExpect,OtherMeasures,AIC,47263.56,11534.66,11623.53,11532.67,43235.14,43382.25,43247.93,11526.55,11623.53,11525.23,43231.3,43382.25,43243.81,11446.88,11510.63,11444.85,11445.67,11510.63,11443.64,11532.67,43247.93,11525.23,43243.81,11444.85,11443.64
LifeExpect,OtherMeasures,BIC,47712.62,11680.6,11763.41,11672.56,43686.58,43826.65,43692.34,11672.49,11763.41,11665.11,43682.74,43826.65,43688.22,11592.53,11650.22,11584.44,11591.31,11650.22,11583.23,11672.56,43692.34,11665.11,43688.22,11584.44,11583.23
LifeExpect,OtherMeasures,loglike,-23568.34,-5743.14,-5788.59,-5743.17,-21553.09,-21627.66,-21560.5,-5739.09,-5788.59,-5739.45,-21551.17,-21627.66,-21558.44,-5699.25,-5732.14,-5699.25,-5698.65,-5732.14,-5698.65,-5743.17,-21560.5,-5739.45,-21558.44,-5699.25,-5698.65
PressFreedom,OtherMeasures,betaw,-51.67,-51.95,-52.02,,-53.11,-53.09,,-51.56,-52.02,,-53.11,-53.09,,-52.09,-52.1,,-52.1,-52.1,,,,,,,
PressFreedom,OtherMeasures,betap,,-5.45,,-5.86,0.09,,0.06,-3.9,,-6.98,0.09,,0.05,0.03,,0.1,0.05,,0.11,-5.86,0.06,-6.98,0.05,0.1,0.11
PressFreedom,OtherMeasures,tstatw,-8.54,-8.2,-8.34,,-8.84,-8.77,,-8.2,-8.34,,-8.83,-8.77,,-8.38,-8.35,,-8.38,-8.35,,,,,,,
PressFreedom,OtherMeasures,tstatp,,-2.17,,-1.62,0.29,,0.17,-1.39,,-1.79,0.28,,0.13,0.06,,0.17,0.07,,0.14,-1.62,0.17,-1.79,0.13,0.17,0.14
PressFreedom,OtherMeasures,AIC,26046.3,16239.68,16253.01,16994.2,25179.76,25178.82,26023.76,16245.65,16253.01,16984.55,25179.83,25178.82,26023.94,16036.72,16034.73,16796.47,16036.71,16034.73,16796.61,16994.2,26023.76,16984.55,26023.94,16796.47,16796.61
PressFreedom,OtherMeasures,BIC,26216.02,16364.1,16371.52,17112.71,25354.89,25347.7,26192.65,16370.07,16371.52,17103.06,25354.96,25347.7,26192.83,16160.89,16153.0,16914.74,16160.88,16153.0,16914.88,17112.71,26192.65,17103.06,26192.83,16914.74,16914.88
PressFreedom,OtherMeasures,loglike,-12995.96,-8098.68,-8106.36,-8476.95,-12561.67,-12562.21,-12984.69,-8101.66,-8106.36,-8472.13,-12561.71,-12562.21,-12984.77,-7997.19,-7997.21,-8378.08,-7997.19,-7997.21,-8378.15,-8476.95,-12984.69,-8472.13,-12984.77,-8378.08,-8378.15
Transparency,OtherMeasures,betaw,1.29,1.48,1.45,,1.33,1.29,,1.28,1.45,,1.34,1.29,,1.67,1.45,,1.66,1.45,,,,,,,
Transparency,OtherMeasures,betap,,0.79,,0.74,-0.05,,-0.05,0.86,,1.0,-0.05,,-0.05,0.14,,0.11,0.18,,0.16,0.74,-0.05,1.0,-0.05,0.11,0.16
Transparency,OtherMeasures,tstatw,1.81,2.42,2.34,,1.86,1.8,,2.02,2.34,,1.86,1.8,,2.81,2.33,,2.79,2.33,,,,,,,
Transparency,OtherMeasures,tstatp,,0.99,,0.9,-1.58,,-1.47,1.3,,1.46,-1.57,,-1.44,1.51,,1.26,1.54,,1.31,0.9,-1.47,1.46,-1.44,1.26,1.31
Transparency,OtherMeasures,AIC,10724.73,2395.55,2396.26,2402.57,10645.64,10666.0,10717.08,2393.15,2396.26,2397.81,10645.9,10666.0,10717.48,2378.23,2386.08,2387.54,2377.82,2386.08,2386.93,2402.57,10717.08,2397.81,10717.48,2387.54,2386.93
Transparency,OtherMeasures,BIC,10936.16,2473.22,2468.77,2475.08,10862.97,10877.15,10928.22,2470.82,2468.77,2470.32,10863.24,10877.15,10928.62,2455.77,2458.47,2459.93,2455.36,2458.47,2459.32,2475.08,10928.22,2470.32,10928.62,2459.93,2459.32
Transparency,OtherMeasures,loglike,-5328.05,-1182.59,-1183.97,-1187.13,-5287.48,-5298.68,-5324.22,-1181.4,-1183.97,-1184.75,-5287.61,-5298.68,-5324.42,-1173.93,-1178.88,-1179.61,-1173.73,-1178.88,-1179.31,-1187.13,-5324.22,-1184.75,-5324.42,-1179.61,-1179.31
Vaccination,OtherMeasures,betaw,-8.15,1.62,1.64,,-8.11,-8.19,,1.38,1.64,,-8.11,-8.19,,1.67,1.56,,1.64,1.56,,,,,,,
Vaccination,OtherMeasures,betap,,2.63,,2.64,-0.09,,-0.12,2.57,,2.63,-0.08,,-0.11,0.47,,0.47,0.63,,0.63,2.64,-0.12,2.63,-0.11,0.47,0.63
Vaccination,OtherMeasures,tstatw,-1.51,0.35,0.35,,-1.45,-1.47,,0.29,0.35,,-1.45,-1.47,,0.36,0.33,,0.35,0.33,,,,,,,
Vaccination,OtherMeasures,tstatp,,0.72,,0.72,-0.27,,-0.36,0.75,,0.76,-0.25,,-0.34,1.0,,0.99,1.01,,1.01,0.72,-0.36,0.76,-0.34,0.99,1.01
Vaccination,OtherMeasures,AIC,46083.11,20989.11,20990.16,20987.67,44739.18,44738.27,44768.66,20988.81,20990.16,20987.21,44739.35,44738.27,44768.85,20727.38,20733.24,20725.98,20727.18,20733.24,20725.76,20987.67,44768.66,20987.21,44768.85,20725.98,20725.76
Vaccination,OtherMeasures,BIC,46371.29,21135.05,21130.04,21127.55,45032.65,45025.09,45055.48,21134.76,21130.04,21127.09,45032.82,45025.09,45055.67,20873.03,20872.83,20865.57,20872.83,20872.83,20865.35,21127.55,45055.48,21127.09,45055.67,20865.57,20865.35
Vaccination,OtherMeasures,loglike,-22998.24,-10470.37,-10471.91,-10470.66,-22325.25,-22325.81,-22341.01,-10470.22,-10471.91,-10470.43,-22325.34,-22325.81,-22341.1,-10339.5,-10343.45,-10339.82,-10339.4,-10343.45,-10339.71,-10470.66,-22341.01,-10470.43,-22341.1,-10339.82,-10339.71
