gwid,statename,from,to,Elr,Epr,Err,Egr
2,United States of America,1946,1965,0.7420191150668811,0.674724341333333,0.9872859999999999,0.8159179999999999
2,United States of America,1966,2008,0.9790218243123522,0.7805457999999997,0.9150642800000001,0.5414668799999999
2,United States of America,2009,2014,0.9816846399999999,0.90473584,0.8849318400000002,0.4844378400000001
2,United States of America,2015,2017,0.9816846399999999,0.8912249066666665,0.8849318400000002,0.4844378400000001
2,United States of America,2018,2021,0.9920159999999997,0.7544159999999996,0.8694699999999995,0.426666
20,Canada,1946,1960,0.5444893707212325,0.8119200000000001,1.0,0.9652
20,Canada,1961,1984,0.5444893707212325,0.8177200000000001,1.0,0.9652
20,Canada,1985,2021,0.5556710492999206,0.7951298666666665,0.9999999999999998,0.9196399999999998
31,Bahamas,1973,1992,0.8365220453814608,0.8491807999999996,1.0,0.9200999999999999
31,Bahamas,1993,2021,0.8365220453814608,0.8891307999999998,1.0,0.9200999999999999
40,Cuba,1946,1959,1.0,0.8029,1.0,0.6057999999999999
40,Cuba,1960,2021,1.0,1.0,1.0,0.539762
41,Haiti,1946,2021,1.0,1.0,1.0,1.0
42,Dominican Republic,1946,2013,1.0,1.0,1.0,1.0
42,Dominican Republic,2014,2021,0.8828983936248171,0.9106008000000001,1.0,1.0
51,Jamaica,1962,2021,1.0,1.0,1.0,1.0
52,Trinidad and Tobago,1962,1986,0.6914583851608085,0.64075,0.7,0.7
52,Trinidad and Tobago,1987,1991,0.6914583851608085,0.74075,0.7,0.7
52,Trinidad and Tobago,1992,1995,0.6914583851608085,0.64075,0.7,0.7
52,Trinidad and Tobago,1996,2002,0.6914583851608085,0.74075,0.7,0.7
52,Trinidad and Tobago,2003,2010,0.6914583851608085,0.74075,0.7,0.7
52,Trinidad and Tobago,2011,2015,0.6256202492666064,0.7057432000000001,0.7578640000000001,0.7578640000000001
52,Trinidad and Tobago,2016,2021,0.6256202492666064,0.7057432000000001,0.7578640000000001,0.7578640000000001
53,Barbados,1966,2021,1.0,1.0,1.0,1.0
70,Mexico,1946,1974,0.9876329020395601,0.787468,1.0000000000000002,0.6663020000000001
70,Mexico,1975,1997,0.9876329020395601,0.8406009999999998,1.0000000000000002,0.6663020000000001
70,Mexico,1998,2016,0.9876329020395601,0.8323059999999999,1.0000000000000002,0.6663020000000001
70,Mexico,2017,2021,0.9876329020395601,0.8406009999999998,1.0000000000000002,0.6663020000000001
80,Belize,1981,1984,0.3777459820994938,0.7981953886666666,0.9087226,0.6019294399999998
80,Belize,1985,1989,0.3777459820994938,0.7900756786666667,0.9087226,0.6019294399999998
80,Belize,1990,1993,0.3777459820994938,0.7981953886666666,0.9087226,0.6019294399999998
80,Belize,1994,1998,0.3777459820994938,0.7900756786666667,0.9087226,0.6019294399999998
80,Belize,1999,1999,0.3777459820994938,0.7981953886666666,0.9087226,0.6019294399999998
80,Belize,2000,2009,0.3963708947675046,0.7993355600000001,0.9185786199999999,0.6327065199999999
80,Belize,2010,2020,0.4322734584980431,0.8497364666666667,0.9089615000000004,0.5891200000000003
80,Belize,2021,2021,0.4322734584980431,0.8340764666666667,0.9089615000000004,0.5891200000000003
90,Guatemala,1946,1954,0.5384797419821568,0.660425,0.9900249999999999,0.495625
90,Guatemala,1955,1995,0.5384797419821568,0.578025,0.9900249999999999,0.495625
90,Guatemala,1996,2021,0.5420395458847356,0.7504000000000002,0.9999999999999998,0.5007999999999999
91,Honduras,1946,1974,0.8521195338173047,0.8935045333333334,1.0,0.97088
91,Honduras,1975,1989,0.9633341761433097,0.8824426666666668,0.9920160000000001,0.8332560000000001
91,Honduras,1990,2021,0.9688355778114943,0.8884489999999998,0.9940089999999999,0.8336250000000001
92,El Salvador,1946,1994,1.0,0.8500000000000001,1.0,0.8200000000000001
92,El Salvador,1995,2021,1.0,0.8800000000000001,1.0,0.8200000000000001
93,Nicaragua,1946,1987,0.9146875197912486,0.8389761333333333,0.9345119999999999,0.7748999999999998
93,Nicaragua,1988,2021,0.9146875197912486,0.8753827999999998,0.9345119999999999,0.7748999999999998
94,Costa Rica,1946,1953,0.7801229615593792,0.7889751999999999,1.0,0.8255080000000001
94,Costa Rica,1954,1991,0.7801229615593792,0.8385711999999999,1.0,0.8255080000000001
94,Costa Rica,1992,2018,0.7801229615593792,0.8458912000000001,1.0,0.8255080000000001
94,Costa Rica,2019,2021,0.7801229615593792,0.8954872,1.0,0.8255080000000001
95,Panama,1946,1959,0.7540480725903109,0.8163280000000002,0.933808,0.72211
95,Panama,1960,1983,0.6984824085799956,0.7848040000000004,0.9359440000000002,0.6629640000000002
95,Panama,1984,1997,0.6984824085799956,0.7848040000000004,0.9359440000000002,0.6629640000000002
95,Panama,1998,2021,0.5872400084481575,0.7876749999999999,0.9232249999999999,0.5453249999999998
100,Colombia,1946,1979,0.9980009999999999,0.9279676666666667,0.9980009999999999,0.913961
100,Colombia,1980,1991,0.9880359999999999,0.720196,0.6365959999999999,0.5869559999999999
100,Colombia,1992,2021,1.0,0.7941,0.625,0.5682
101,Venezuela,1946,1972,1.0,1.0,1.0,1.0
101,Venezuela,1973,1999,0.7643760751249602,0.8382219999999998,0.954208,0.954208
101,Venezuela,2000,2017,0.9517008328797718,0.8711040000000001,0.9474579999999999,0.735458
101,Venezuela,2018,2021,0.9517008328797718,0.8711040000000001,0.9474579999999999,0.735458
110,Guyana,1966,1991,0.7491696012731816,0.6707352000000001,0.601652,0.601652
110,Guyana,1992,2015,0.7491696012731816,0.6584992,0.601652,0.601652
110,Guyana,2016,2020,0.7116297079373921,0.7313213333333333,0.6226680000000001,0.6226680000000001
110,Guyana,2021,2021,0.7116297079373921,0.7276113333333332,0.6226680000000001,0.6226680000000001
115,Surinam,1975,1986,0.3811236743816996,0.8612372,0.4319216000000001,0.503032
115,Surinam,1987,1992,0.3811236743816996,0.8337578666666672,0.4319216000000001,0.503032
115,Surinam,1993,2003,0.3811236743816996,0.8612372,0.4319216000000001,0.503032
115,Surinam,2004,2011,0.3392152210051117,0.7914565333333334,0.5186703999999998,0.5614099999999999
115,Surinam,2012,2020,0.36564746045932245,0.837614752,0.4554344399999999,0.4844267999999999
115,Surinam,2021,2021,0.36564746045932245,0.8534770186666669,0.4554344399999999,0.4844267999999999
130,Ecuador,1946,1979,0.776598066400872,0.7435,0.9091999999999998,0.6781999999999999
130,Ecuador,1980,2000,0.776598066400872,0.7947999999999997,0.9091999999999998,0.6781999999999999
130,Ecuador,2001,2004,0.776598066400872,0.8460999999999999,0.9091999999999998,0.6781999999999999
130,Ecuador,2005,2021,0.776598066400872,0.8460999999999999,0.9091999999999998,0.6781999999999999
135,Peru,1946,1967,0.5135237821447223,0.5688988,0.977656,0.5227799999999999
135,Peru,1968,1979,0.5135237821447223,0.7155388,0.977656,0.5227799999999999
135,Peru,1980,2002,0.5135237821447223,0.7155388,0.977656,0.5227799999999999
135,Peru,2003,2010,0.5135237821447223,0.7155388,0.977656,0.5227799999999999
135,Peru,2011,2014,0.5135237821447223,0.7155388,0.977656,0.5227799999999999
135,Peru,2015,2017,0.5135237821447223,0.7155388,0.977656,0.5227799999999999
135,Peru,2018,2021,0.5950207702542466,0.7528137999999998,0.984896,0.5969379999999999
140,Brazil,1946,1977,1.0,1.0,1.0,1.0
140,Brazil,1978,2002,0.9880360000000002,0.7428760000000001,0.9880360000000002,0.9801160000000001
140,Brazil,2003,2010,0.9880360000000002,0.9049959999999999,0.9880360000000002,0.9801160000000001
140,Brazil,2011,2018,0.9790218243123531,0.7420258000000001,1.0,0.992128
140,Brazil,2019,2021,0.9790218243123531,0.6607768,1.0,0.992128
145,Bolivia,1946,1952,0.41801605440516854,0.5968333333333332,0.9767199999999999,0.5162
145,Bolivia,1953,1981,0.41801605440516854,0.7580999999999999,0.9767199999999999,0.5162
145,Bolivia,1982,1992,0.41801605440516854,0.7580999999999999,0.9767199999999999,0.5162
145,Bolivia,1993,1993,0.41801605440516854,0.8445666666666665,0.9767199999999999,0.5162
145,Bolivia,1994,1997,0.41801605440516854,0.8445666666666665,0.9767199999999999,0.5162
145,Bolivia,1998,2005,0.41801605440516854,0.7580999999999999,0.9767199999999999,0.5162
145,Bolivia,2006,2019,0.41801605440516854,0.9278,0.9767199999999999,0.5162
145,Bolivia,2020,2020,0.41801605440516854,0.7580999999999999,0.9767199999999999,0.5162
145,Bolivia,2021,2021,0.41801605440516854,0.9096666666666666,0.9767199999999999,0.5162
150,Paraguay,1946,1992,0.9050157682496263,0.9279699999999997,1.0000000000000002,0.9622000000000002
150,Paraguay,1993,2021,0.9050157682496263,0.9342699999999997,1.0000000000000002,0.9622000000000002
155,Chile,1946,1952,0.9738491009160115,0.8911568080000001,1.0000000000000002,0.8635000000000002
155,Chile,1953,1958,0.9738491009160115,0.9139978079999997,1.0000000000000002,0.8635000000000002
155,Chile,1959,1966,0.9738491009160115,0.8911568080000001,1.0000000000000002,0.8635000000000002
155,Chile,1967,1973,0.9738491009160115,0.8912553080000001,1.0000000000000002,0.8635000000000002
155,Chile,1974,1990,0.9738491009160115,0.8684978079999999,1.0000000000000002,0.8635000000000002
155,Chile,1991,2018,0.9726654130107445,0.8908000000000004,1.0000000000000002,0.8362000000000002
155,Chile,2019,2021,0.9479042548202737,0.8214456666666664,0.9999999999999997,0.7767679999999998
160,Argentina,1946,1975,0.9475096834989326,0.9628700000000002,1.0,0.9709000000000002
160,Argentina,1976,1983,0.9475096834989326,0.9580200000000002,1.0,0.9709000000000002
160,Argentina,1984,2021,0.9475096834989326,0.9628700000000002,1.0,0.9709000000000002
165,Uruguay,1946,1988,1.0,1.0,1.0,1.0
165,Uruguay,1989,2021,0.9755750052975473,0.8890032,0.9645880000000001,0.8583520000000001
200,United Kingdom,1946,1963,0.8878616006764236,0.8818104666666664,0.9552925000000002,1.0000000000000002
200,United Kingdom,1964,1971,0.8883332889792069,0.8965658666666666,0.9198765000000001,0.9999999999999999
200,United Kingdom,1972,1998,0.9066071352402986,0.9263376666666664,0.8810275,0.9055849999999998
200,United Kingdom,1999,2017,0.9066071352402986,0.9263376666666664,0.8810275,0.9055849999999998
200,United Kingdom,2018,2019,0.9066071352402986,0.9292343333333332,0.8810275,0.9055849999999998
200,United Kingdom,2020,2021,0.9066071352402986,0.8480409999999999,0.8810275,0.9055849999999998
205,Ireland,1946,2021,1.0,1.0,1.0,1.0
210,Netherlands,1946,2017,1.0,1.0,1.0,1.0
210,Netherlands,2018,2021,0.9159528217642344,0.9366666666666666,0.9999999999999999,0.9999999999999999
211,Belgium,1946,1969,0.5855772676892483,0.9094533333333334,1.0,1.0
211,Belgium,1970,1972,0.5855772676892483,0.9881200000000001,1.0,1.0
211,Belgium,1973,1980,0.5907988558149766,0.9934000000000001,1.0,1.0
211,Belgium,1981,2021,0.5907988558149766,0.9934000000000001,1.0,1.0
212,Luxembourg,1946,2021,1.0,1.0,1.0,1.0
220,France,1946,1961,0.9681487058200243,0.9684618666666666,0.9882399999999999,0.9999999999999999
220,France,1962,1991,0.9696981959675484,0.9679333333333338,0.9881920000000002,1.0000000000000002
220,France,1992,2021,0.9696981959675484,0.9679333333333338,0.9881920000000002,1.0000000000000002
225,Switzerland,1946,2021,0.551647601253422,0.8655328000000003,0.9193015000000001,1.0000000000000002
230,Spain,1946,1976,0.6703485073925534,0.6365221333333336,0.9999999999999997,0.9999999999999997
230,Spain,1977,1979,0.6703485073925534,0.7734288000000002,0.9999999999999997,0.9999999999999997
230,Spain,1980,1981,0.6703485073925534,0.7734288000000002,0.9999999999999997,0.9999999999999997
230,Spain,1982,2021,0.6703485073925534,0.7734288000000002,0.9999999999999997,0.9999999999999997
235,Portugal,1946,2021,1.0,1.0,1.0,1.0
260,German Federal Republic,1949,2021,1.0,1.0,1.0,1.0
265,German Democratic Republic,1949,1990,1.0,1.0,1.0,1.0
290,Poland,1946,1956,0.7372923300624941,0.7958138666666665,0.7434367999999998,1.0
290,Poland,1957,1967,0.9749497590123565,0.97187908,0.9724284560000002,0.9972019599999996
290,Poland,1968,1989,0.9757821338517247,0.9750603599999996,0.9750687600000003,0.9988003599999995
290,Poland,1990,2015,0.9436252978311664,0.9502353079999996,0.9729117799999999,0.9999999999999994
290,Poland,2016,2021,0.9436252978311664,0.9502353079999996,0.9729117799999999,0.9999999999999994
305,Austria,1946,2021,0.8847450501187637,0.9212667999999999,1.0,1.0
310,Hungary,1946,1992,0.9159528217642345,0.8679999999999999,0.9774999999999996,0.9999999999999998
310,Hungary,1993,2014,0.9159528217642345,0.883,0.9774999999999996,0.9999999999999998
310,Hungary,2015,2021,0.9152450560527756,0.88192,0.9774999999999996,0.9999999999999998
315,Czechoslovakia,1946,1968,0.7917788730672513,0.8925966666666669,0.5456019999999999,1.0
315,Czechoslovakia,1969,1992,0.7917788730672513,0.8925966666666669,0.5456019999999999,1.0
316,Czech Republic,1993,2021,1.0,1.0,1.0,1.0
317,Slovakia,1993,1998,0.7063333969361305,0.7902374666666667,1.0,1.0
317,Slovakia,1999,2006,0.7063333969361305,0.8716434666666668,1.0,1.0
317,Slovakia,2007,2010,0.7063333969361305,0.7902374666666667,1.0,1.0
317,Slovakia,2011,2012,0.7063333969361305,0.8716434666666668,1.0,1.0
317,Slovakia,2013,2016,0.7063333969361305,0.7902374666666667,1.0,1.0
317,Slovakia,2017,2020,0.7063333969361305,0.8716434666666668,1.0,1.0
317,Slovakia,2021,2021,0.7063333969361305,0.7902374666666667,1.0,1.0
325,Italy/Sardinia,1946,1947,0.9130965325279736,0.9318112000000001,1.0000000000000002,1.0000000000000002
325,Italy/Sardinia,1948,2021,0.9130965325279736,0.9328218666666668,1.0000000000000002,1.0000000000000002
338,Malta,1964,2021,1.0,1.0,1.0,1.0
339,Albania,1946,1989,1.0,1.0,1.0,1.0
339,Albania,1990,2009,0.7219730029036391,0.8023466666666665,0.90096,1.0
339,Albania,2010,2013,0.7219730029036391,0.8296799999999998,0.90096,1.0
339,Albania,2014,2021,0.7219730029036391,0.8023466666666665,0.90096,1.0
340,Serbia,2006,2008,0.5516646195463463,0.5760379986666669,0.77824572,0.9999999999999999
340,Serbia,2009,2020,0.7508440843612713,0.8427978666666666,0.9334266000000001,1.0000000000000002
340,Serbia,2021,2021,0.7508440843612713,0.8182165333333337,0.9334266000000001,1.0000000000000002
341,Montenegro,2006,2016,0.6177870937934253,0.6999499999999996,0.7889408,1.0000000000000002
341,Montenegro,2017,2020,0.6177870937934253,0.7792079999999998,0.7889408,1.0000000000000002
341,Montenegro,2021,2021,0.6177870937934253,0.8162466666666661,0.7889408,1.0000000000000002
343,Macedonia (FYROM/North Macedonia),1991,2021,0.5528530884269083,0.8791684666666668,0.7414059999999999,1.0000000000000002
344,Croatia,1992,1995,0.6806360262963623,0.6982287946666671,0.9177685900000002,1.0000000000000002
344,Croatia,1996,2008,0.8368794164458324,0.8778532386666664,0.9628638599999999,0.9999999999999998
344,Croatia,2009,2011,0.8529357491682404,0.9044963679999999,0.96144697,1.0000000000000002
344,Croatia,2012,2020,0.8529357491682404,0.8858739679999997,0.96144697,1.0000000000000002
344,Croatia,2021,2021,0.8529357491682404,0.9044963679999999,0.96144697,1.0000000000000002
345,Yugoslavia,1946,1966,0.3995184724131716,0.7778800000000002,0.7279600000000002,1.0
345,Yugoslavia,1967,1986,0.3995184724131716,0.8617466666666671,0.7279600000000002,1.0
345,Yugoslavia,1987,1991,0.3995184724131716,0.836546666666667,0.7279600000000002,1.0
345,Yugoslavia,1992,1992,0.4031227970760579,0.44632,0.7242999999999998,1.0000000000000002
345,Yugoslavia,1993,1999,0.547119503594077,0.7391866666666665,0.8097599999999998,0.9999999999999993
345,Yugoslavia,2000,2006,0.5452860739054282,0.6129178666666663,0.8059519999999992,0.999999999999999
346,Bosnia-Herzegovina,1992,1995,0.5267943878609502,0.5061431333333334,0.7100685999999998,0.9999999999999997
346,Bosnia-Herzegovina,1996,2021,0.5709664183470857,0.9588447999999998,0.6922567999999997,0.9999999999999999
347,Kosovo,2008,2021,0.7855438635874579,0.8812401599999997,0.8893955199999997,0.9952057599999997
349,Slovenia,1992,2007,0.7504113443467468,0.8313380080000001,1.0000000000000002,1.0000000000000002
349,Slovenia,2008,2021,0.7503382371159127,0.8313129279999998,0.9993317600000002,1.0000000000000002
350,Greece,1946,2021,0.9594559737921605,0.9390999999999999,0.9830395999999998,1.0000000000000002
352,Cyprus,1960,1963,0.6952568206524155,0.97648,0.8272000000000002,1.0000000000000002
352,Cyprus,1964,1967,0.6952568206524155,0.7844800000000001,0.8272000000000002,1.0000000000000002
352,Cyprus,1968,2021,0.6952568206524155,0.68848,0.8272000000000002,1.0000000000000002
355,Bulgaria,1946,1957,1.0,1.0,1.0,1.0
355,Bulgaria,1958,1989,0.7611048071571661,0.7629923333333334,0.8704569999999999,0.9940089999999998
355,Bulgaria,1990,1998,0.7611048071571661,0.8091956666666666,0.8704569999999999,0.9940089999999998
355,Bulgaria,1999,1999,0.7637864027967307,0.810974333333333,0.8734641999999997,0.9980009999999997
355,Bulgaria,2000,2001,0.7637864027967307,0.8103096666666666,0.8734641999999997,0.9980009999999997
355,Bulgaria,2002,2009,0.7637864027967307,0.9291896666666665,0.8734641999999997,0.9980009999999997
355,Bulgaria,2010,2013,0.7637864027967307,0.8570663333333333,0.8734641999999997,0.9980009999999997
355,Bulgaria,2014,2014,0.7637864027967307,0.9291896666666665,0.8734641999999997,0.9980009999999997
355,Bulgaria,2015,2021,0.7637864027967307,0.8570663333333333,0.8734641999999997,0.9980009999999997
359,Moldova,1991,1994,0.6074900588231619,0.7311487999999999,0.9197839999999999,0.9999999999999998
359,Moldova,1995,2001,0.6074900588231619,0.7752287999999998,0.9197839999999999,0.9999999999999998
359,Moldova,2002,2010,0.6074900588231619,0.8827021333333332,0.9197839999999999,0.9999999999999998
359,Moldova,2011,2014,0.6074900588231619,0.7752287999999998,0.9197839999999999,0.9999999999999998
359,Moldova,2015,2021,0.6429675732618043,0.7855427999999998,0.9451996,0.9999999999999998
360,Rumania,1946,1956,0.8252474549761359,0.8959551999999997,0.9527439999999998,0.9999999999999998
360,Rumania,1957,1988,0.8282645723257562,0.8747928000000003,0.9498859999999998,0.9999999999999998
360,Rumania,1989,1995,0.8282645723257562,0.9025378000000002,0.9498859999999998,0.9999999999999998
360,Rumania,1996,2008,0.8282645723257562,0.9493788000000003,0.9498859999999998,0.9999999999999998
360,Rumania,2009,2009,0.8282645723257562,0.9025378000000002,0.9498859999999998,0.9999999999999998
360,Rumania,2010,2012,0.8282645723257562,0.9493788000000003,0.9498859999999998,0.9999999999999998
360,Rumania,2013,2014,0.7415373991712305,0.8423591999999996,0.9562925999999997,0.9999999999999997
360,Rumania,2015,2020,0.7415373991712305,0.8690178666666665,0.9562925999999997,0.9999999999999997
360,Rumania,2021,2021,0.7415373991712305,0.8854065333333331,0.9562925999999997,0.9999999999999997
365,Russia (Soviet Union),1946,1956,0.49729633052767397,0.7903329133333383,0.791420072000009,0.9155032799999848
365,Russia (Soviet Union),1957,1991,0.49720236262264655,0.8001207186666579,0.7907991200000059,0.9154465199999822
365,Russia (Soviet Union),1992,2001,0.698664425213927,0.8238859653333317,0.844738420000005,0.9667473400000008
365,Russia (Soviet Union),2002,2002,0.6986578034543636,0.8226224666666673,0.8446301600000066,0.9667439200000021
365,Russia (Soviet Union),2003,2005,0.6986578034543636,0.8330744666666678,0.8446301600000066,0.9667439200000021
365,Russia (Soviet Union),2006,2013,0.6986578034543636,0.8327483000000024,0.8446301600000066,0.9667439200000021
365,Russia (Soviet Union),2014,2014,0.7049135865469832,0.8376681779999976,0.8528852030000026,0.9680790999999964
365,Russia (Soviet Union),2015,2017,0.7031937722074151,0.8359943679999993,0.8517266440000004,0.9686367999999979
365,Russia (Soviet Union),2018,2021,0.7031937722074151,0.8372927679999989,0.8517266440000004,0.9686367999999979
366,Estonia,1991,2021,0.5890659848211629,0.7670432000000001,0.6039203999999998,1.0000000000000002
367,Latvia,1991,2021,0.51313310911222,0.7244072000000003,0.578796,1.0000000000000004
368,Lithuania,1991,2000,0.6746651502640836,0.796256,0.9371328,1.0
368,Lithuania,2001,2019,0.7692818524406051,0.8561792000000004,0.9578688,1.0
368,Lithuania,2020,2021,0.7692818524406051,0.9082298666666668,0.9578688,1.0
369,Ukraine,1991,2014,0.7628740520876982,0.9061260746666668,0.9842557200000004,1.0000000000000004
369,Ukraine,2015,2021,0.7856140466552854,0.7087905280000004,0.9938363200000001,1.0000000000000002
370,Belarus (Byelorussia),1991,2005,0.8959406383691983,0.90602,0.9711087999999997,0.9999999999999996
370,Belarus (Byelorussia),2006,2021,0.8825644620628168,0.8932618666666667,0.9771840000000005,1.0000000000000004
371,Armenia,1991,2021,0.9613518929484894,0.9677062766666664,0.9702115299999998,0.9858504099999998
372,Georgia,1991,2002,0.5617916319156651,0.6966452000000001,0.8922055999999998,1.0
372,Georgia,2003,2021,0.7118340023671733,0.7933207999999999,0.8904192000000001,0.9999999999999999
373,Azerbaijan,1991,1993,0.8663778416522963,0.9034108000000001,0.9706160000000001,1.0
373,Azerbaijan,1994,2021,0.8658872436894408,0.9054492,0.9654992000000001,1.0
375,Finland,1946,2021,0.8864661473466563,0.9695200000000003,1.0000000000000002,1.0000000000000002
380,Sweden,1946,2021,1.0,1.0,1.0,1.0
385,Norway,1946,2021,1.0,1.0,1.0,1.0
390,Denmark,1946,2021,1.0,1.0,1.0,1.0
395,Iceland,1946,2021,1.0,1.0,1.0,1.0
402,Cape Verde,1975,2021,1.0,1.0,1.0,1.0
404,Guinea-Bissau,1974,1980,0.41949086331207747,0.6908799999999999,0.9795999999999998,0.9999999999999999
404,Guinea-Bissau,1981,1999,0.41949086331207747,0.6869466666666668,0.9795999999999998,0.9999999999999999
404,Guinea-Bissau,2000,2005,0.41949086331207747,0.63208,0.9795999999999998,0.9999999999999999
404,Guinea-Bissau,2006,2009,0.41949086331207747,0.6869466666666668,0.9795999999999998,0.9999999999999999
404,Guinea-Bissau,2010,2012,0.41949086331207747,0.69428,0.9795999999999998,0.9999999999999999
404,Guinea-Bissau,2013,2013,0.41949086331207747,0.67468,0.9795999999999998,0.9999999999999999
404,Guinea-Bissau,2014,2021,0.41949086331207747,0.69428,0.9795999999999998,0.9999999999999999
411,Equatorial Guinea,1968,2021,0.7842418527589727,0.835934133333333,1.0,1.0
420,Gambia,1965,1993,0.34876848301177954,0.7906633333333336,0.9832999999999998,1.0
420,Gambia,1994,2021,0.34876848301177954,0.8512300000000004,0.9832999999999998,1.0
432,Mali,1960,1991,0.8390095378542646,0.8800000000000001,1.0000000000000002,0.8200000000000001
432,Mali,1992,1999,0.8390095378542646,0.97,1.0000000000000002,0.8200000000000001
432,Mali,2000,2012,0.8390095378542646,0.97,1.0000000000000002,0.8200000000000001
432,Mali,2013,2021,0.8390095378542646,0.97,1.0000000000000002,0.8200000000000001
433,Senegal,1960,1980,0.4289709444375912,0.9030000000000001,0.9999999999999996,0.9999999999999996
433,Senegal,1981,2012,0.4289709444375912,0.8683249999999999,0.9999999999999996,0.9999999999999996
433,Senegal,2013,2021,0.4289709444375912,0.8878,0.9999999999999996,0.9999999999999996
434,Benin,1960,1963,0.39275274300514434,0.7069200000000001,0.9227500000000001,1.0
434,Benin,1964,1965,0.39275274300514434,0.6811700000000002,0.9227500000000001,1.0
434,Benin,1966,1967,0.39275274300514434,0.67007,0.9227500000000001,1.0
434,Benin,1968,1969,0.39275274300514434,0.6773200000000001,0.9227500000000001,1.0
434,Benin,1970,1989,0.39275274300514434,0.7069200000000001,0.9227500000000001,1.0
434,Benin,1990,1995,0.40659843402835516,0.7657199999999998,0.9002499999999996,0.9999999999999996
434,Benin,1996,2006,0.40659843402835516,0.7324700000000001,0.9002499999999996,0.9999999999999996
434,Benin,2007,2016,0.40659843402835516,0.78582,0.9002499999999996,0.9999999999999996
434,Benin,2017,2021,0.40659843402835516,0.7657199999999998,0.9002499999999996,0.9999999999999996
435,Mauritania,1960,1975,0.7986481339144016,0.7548999999999998,0.9462399999999999,0.5097999999999999
435,Mauritania,1976,1979,0.7418139639688757,0.7383000000000001,0.9336400000000002,0.5018
435,Mauritania,1980,2021,0.6853877092412527,0.86,0.9159999999999998,0.58
436,Niger,1960,1990,0.43960247360957605,0.7499200000000004,1.0000000000000002,1.0000000000000002
436,Niger,1991,1991,0.43960247360957605,0.7277866666666668,1.0000000000000002,1.0000000000000002
436,Niger,1992,1993,0.43960247360957605,0.7908783333333335,1.0000000000000002,1.0000000000000002
436,Niger,1994,1995,0.43960247360957605,0.8348783333333334,1.0000000000000002,1.0000000000000002
436,Niger,1996,1996,0.43960247360957605,0.8664116666666668,1.0000000000000002,1.0000000000000002
436,Niger,1997,1999,0.43960247360957605,0.7499200000000004,1.0000000000000002,1.0000000000000002
436,Niger,2000,2004,0.43960247360957605,0.8511200000000002,1.0000000000000002,1.0000000000000002
436,Niger,2005,2009,0.43960247360957605,0.8289866666666668,1.0000000000000002,1.0000000000000002
436,Niger,2010,2010,0.43960247360957605,0.827745,1.0000000000000002,1.0000000000000002
436,Niger,2011,2011,0.43960247360957605,0.7499200000000004,1.0000000000000002,1.0000000000000002
436,Niger,2012,2016,0.43960247360957605,0.8363866666666666,1.0000000000000002,1.0000000000000002
436,Niger,2017,2021,0.43960247360957605,0.8348783333333334,1.0000000000000002,1.0000000000000002
437,Cote D'Ivoire,1960,1993,0.3313331284973735,0.7917466666666667,0.78376,1.0000000000000002
437,Cote D'Ivoire,1994,1999,0.32602488566143034,0.7590133333333334,0.6097600000000001,1.0000000000000002
437,Cote D'Ivoire,2000,2000,0.32602488566143034,0.79328,0.6097600000000001,1.0000000000000002
437,Cote D'Ivoire,2001,2002,0.32602488566143034,0.7907466666666667,0.6097600000000001,1.0000000000000002
437,Cote D'Ivoire,2003,2011,0.32602488566143034,0.9335466666666666,0.6097600000000001,1.0000000000000002
437,Cote D'Ivoire,2012,2021,0.32602488566143034,0.8621466666666666,0.6097600000000001,1.0000000000000002
438,Guinea,1958,1984,0.3938665511179271,0.8320000000000003,1.0000000000000002,1.0000000000000002
438,Guinea,1985,1985,0.3938665511179271,0.8453333333333335,1.0000000000000002,1.0000000000000002
438,Guinea,1986,2008,0.3938665511179271,0.7520000000000002,1.0000000000000002,1.0000000000000002
438,Guinea,2009,2009,0.3938665511179271,0.8920000000000003,1.0000000000000002,1.0000000000000002
438,Guinea,2010,2010,0.3938665511179271,0.8320000000000003,1.0000000000000002,1.0000000000000002
438,Guinea,2011,2021,0.3938665511179271,0.7653333333333336,1.0000000000000002,1.0000000000000002
439,Burkina Faso (Upper Volta),1960,2021,1.0,1.0,1.0,1.0
450,Liberia,1946,1980,0.965319480138505,0.9673333333333332,0.9607999999999999,0.9999999999999998
450,Liberia,1981,1989,0.6661004574626422,0.7827466666666667,0.9920000000000002,1.0000000000000002
450,Liberia,1990,1996,0.643149384854303,0.7830028,0.9848600000000001,1.0
450,Liberia,1997,2003,0.643149384854303,0.7739628000000001,0.9848600000000001,1.0
450,Liberia,2004,2005,0.643149384854303,0.7830028,0.9848600000000001,1.0
450,Liberia,2006,2018,0.5697883181785452,0.7428641333333332,0.9592400000000001,1.0
450,Liberia,2019,2021,0.5697883181785452,0.7395741333333332,0.9592400000000001,1.0
451,Sierra Leone,1961,1964,0.36810314122351023,0.7362133333333333,0.9,1.0
451,Sierra Leone,1965,1967,0.36810314122351023,0.6500799999999999,0.9,1.0
451,Sierra Leone,1968,1992,0.3371677972938569,0.7255466666666667,0.8999999999999998,0.9999999999999999
451,Sierra Leone,1993,1996,0.3371677972938569,0.7940799999999999,0.8999999999999998,0.9999999999999999
451,Sierra Leone,1997,1997,0.36810314122351023,0.7234133333333332,0.9,1.0
451,Sierra Leone,1998,2001,0.36810314122351023,0.7940799999999998,0.9,1.0
451,Sierra Leone,2002,2005,0.36810314122351023,0.6500799999999999,0.9,1.0
451,Sierra Leone,2006,2007,0.36810314122351023,0.7316799999999999,0.9,1.0
451,Sierra Leone,2008,2012,0.3371677972938569,0.73168,0.8999999999999998,0.9999999999999999
451,Sierra Leone,2013,2015,0.3371677972938569,0.69568,0.8999999999999998,0.9999999999999999
451,Sierra Leone,2016,2018,0.3477986939800844,0.7141333333333335,0.9227999999999997,0.9999999999999998
451,Sierra Leone,2019,2021,0.3477986939800844,0.7228000000000001,0.9227999999999997,0.9999999999999998
452,Ghana,1957,1966,0.45650895267910185,0.863895,0.8077200000000003,0.9999999999999999
452,Ghana,1967,1969,0.45650895267910185,0.9093866666666668,0.8077200000000003,0.9999999999999999
452,Ghana,1970,1971,0.45650895267910185,0.8287950000000003,0.8077200000000003,0.9999999999999999
452,Ghana,1972,1981,0.45650895267910185,0.8928200000000001,0.8077200000000003,0.9999999999999999
452,Ghana,1982,2000,0.45650895267910185,0.8972200000000002,0.8077200000000003,0.9999999999999999
452,Ghana,2001,2008,0.45650895267910185,0.8928200000000001,0.8077200000000003,0.9999999999999999
452,Ghana,2009,2012,0.45650895267910185,0.863895,0.8077200000000003,0.9999999999999999
452,Ghana,2013,2017,0.45650895267910185,0.8770949999999998,0.8077200000000003,0.9999999999999999
452,Ghana,2018,2021,0.45650895267910185,0.8928200000000001,0.8077200000000003,0.9999999999999999
461,Togo,1960,1962,0.42024133802198715,0.6341200000000001,0.7624000000000002,1.0000000000000002
461,Togo,1963,1966,0.42024133802198715,0.7133200000000001,0.7624000000000002,1.0000000000000002
461,Togo,1967,1990,0.42024133802198715,0.6341200000000001,0.7624000000000002,1.0000000000000002
461,Togo,1991,1991,0.42024133802198715,0.7133200000000001,0.7624000000000002,1.0000000000000002
461,Togo,1992,2005,0.42024133802198715,0.6341200000000001,0.7624000000000002,1.0000000000000002
461,Togo,2006,2015,0.42024133802198715,0.7133200000000001,0.7624000000000002,1.0000000000000002
461,Togo,2016,2021,0.42024133802198715,0.6341200000000001,0.7624000000000002,1.0000000000000002
471,Cameroon,1960,1961,0.34037788032519595,0.7799999999999999,0.8661250000000003,1.0000000000000002
471,Cameroon,1962,1982,0.2964658852512733,0.8138666666666667,0.84264,1.0000000000000002
471,Cameroon,1983,2021,0.2964658852512733,0.8068000000000002,0.84264,1.0000000000000002
475,Nigeria,1960,1964,0.3011851085836129,0.7117866666666671,0.8076000000000003,1.0
475,Nigeria,1965,1966,0.3011851085836129,0.6645200000000001,0.8076000000000003,1.0
475,Nigeria,1967,1967,0.3011851085836129,0.6755866666666669,0.8076000000000003,1.0
475,Nigeria,1968,1970,0.3011851085836129,0.5339866666666668,0.8076000000000003,1.0
475,Nigeria,1971,1978,0.3011851085836129,0.7637116666666667,0.8076000000000003,1.0
475,Nigeria,1979,1983,0.3011851085836129,0.7117866666666671,0.8076000000000003,1.0
475,Nigeria,1984,1991,0.3011851085836129,0.6645200000000001,0.8076000000000003,1.0
475,Nigeria,1992,1998,0.3011851085836129,0.6398450000000001,0.8076000000000003,1.0
475,Nigeria,1999,2007,0.3011851085836129,0.7201866666666671,0.8076000000000003,1.0
475,Nigeria,2008,2010,0.3011851085836129,0.7572533333333339,0.8076000000000003,1.0
475,Nigeria,2011,2015,0.3011851085836129,0.7838533333333338,0.8076000000000003,1.0
475,Nigeria,2016,2021,0.3011851085836129,0.7355866666666669,0.8076000000000003,1.0
481,Gabon,1960,1962,0.4194970222367664,0.6798533333333332,1.0,1.0
481,Gabon,1963,1967,0.4194970222367664,0.6220199999999999,1.0,1.0
481,Gabon,1968,2000,0.40412306203323944,0.7960533333333332,0.9999999999999999,0.9999999999999999
481,Gabon,2001,2005,0.40477060155519173,0.7788466666666666,1.0,1.0
481,Gabon,2006,2021,0.40412306203323944,0.7960533333333332,0.9999999999999999,0.9999999999999999
482,Central African Republic,1960,1965,0.7962537462064022,0.8503999999999997,0.90372,0.9999999999999999
482,Central African Republic,1966,1969,0.7962537462064022,0.9306333333333331,0.90372,0.9999999999999999
482,Central African Republic,1970,1981,0.7962537462064022,0.8503999999999997,0.90372,0.9999999999999999
482,Central African Republic,1982,1993,0.7605203355291711,0.9181666666666665,0.9138000000000002,1.0000000000000004
482,Central African Republic,1994,2001,0.31794389888202523,0.8179966666666667,0.7696499999999997,0.9999999999999998
482,Central African Republic,2002,2003,0.31794389888202523,0.79653,0.7696499999999997,0.9999999999999998
482,Central African Republic,2004,2005,0.31794389888202523,0.7613466666666668,0.7696499999999997,0.9999999999999998
482,Central African Republic,2006,2006,0.31794389888202523,0.7613466666666668,0.7696499999999997,0.9999999999999998
482,Central African Republic,2007,2008,0.31731336005136057,0.7619214666666664,0.7668899999999997,0.9999999999999999
482,Central African Republic,2009,2012,0.31731336005136057,0.7874997999999999,0.7668899999999997,0.9999999999999999
482,Central African Republic,2013,2013,0.3158630676903358,0.7874941333333336,0.7696499999999996,0.9999999999999997
482,Central African Republic,2014,2014,0.3158630676903358,0.8427708000000005,0.7696499999999996,0.9999999999999997
482,Central African Republic,2015,2016,0.3155711931529729,0.829069466666667,0.76413,1.0000000000000002
482,Central African Republic,2017,2021,0.3155711931529729,0.8118708000000004,0.76413,1.0000000000000002
483,Chad,1960,1975,0.3249248855764642,0.63532,0.892,0.846
483,Chad,1976,1978,0.3249248855764642,0.6816533333333333,0.892,0.846
483,Chad,1979,1979,0.3249248855764642,0.7433200000000002,0.892,0.846
483,Chad,1980,1982,0.3249248855764642,0.6986533333333333,0.892,0.846
483,Chad,1983,1986,0.4440147895931159,0.6674966666666666,0.9460249999999999,0.9117999999999997
483,Chad,1987,1988,0.4440147895931159,0.6649966666666666,0.9460249999999999,0.9117999999999997
483,Chad,1989,1990,0.4440147895931159,0.6642299999999999,0.9460249999999999,0.9117999999999997
483,Chad,1991,1994,0.4440147895931159,0.6862466666666667,0.9460249999999999,0.9117999999999997
483,Chad,1995,2006,0.4392373710407672,0.685195,0.9460249999999997,0.9117999999999997
483,Chad,2007,2007,0.4392373710407672,0.6834616666666667,0.9460249999999997,0.9117999999999997
483,Chad,2008,2009,0.4392373710407672,0.6834616666666667,0.9460249999999997,0.9117999999999997
483,Chad,2010,2017,0.4392373710407672,0.6941950000000001,0.9460249999999997,0.9117999999999997
483,Chad,2018,2020,0.3756673509551117,0.6778666666666667,0.9205830000000002,0.8974179999999998
483,Chad,2021,2021,0.3756673509551117,0.6778666666666667,0.9205830000000002,0.8974179999999998
484,Congo,1960,1963,0.38843858029661815,0.6577466666666668,1.0,1.0
484,Congo,1964,1968,0.38843858029661815,0.6768466666666667,1.0,1.0
484,Congo,1969,1971,0.3968271759712102,0.6652799999999999,0.9999999999999998,0.9999999999999998
484,Congo,1972,1977,0.3968271759712102,0.6572799999999999,0.9999999999999998,0.9999999999999998
484,Congo,1978,1979,0.3962910485020959,0.6813799999999999,0.9999999999999998,0.9999999999999998
484,Congo,1980,1984,0.3962910485020959,0.6693799999999999,0.9999999999999998,0.9999999999999998
484,Congo,1985,1990,0.3962910485020959,0.6705466666666664,0.9999999999999998,0.9999999999999998
484,Congo,1991,1991,0.3962910485020959,0.6852799999999999,0.9999999999999998,0.9999999999999998
484,Congo,1992,1994,0.3907472685149075,0.687013333333333,1.0,1.0
484,Congo,1995,1997,0.3907472685149075,0.702013333333333,1.0,1.0
484,Congo,1998,2021,0.3907472685149075,0.6724133333333331,1.0,1.0
490,"Congo, Democratic Republic of (Zaire)",1960,1960,0.3885416233525548,0.6136432,0.9436256,0.9999999999999999
490,"Congo, Democratic Republic of (Zaire)",1961,1961,0.3885416233525548,0.5828658666666664,0.9436256,0.9999999999999999
490,"Congo, Democratic Republic of (Zaire)",1962,1963,0.3885416233525548,0.6257758666666666,0.9436256,0.9999999999999999
490,"Congo, Democratic Republic of (Zaire)",1964,1964,0.3885416233525548,0.6742158666666667,0.9436256,0.9999999999999999
490,"Congo, Democratic Republic of (Zaire)",1965,1965,0.3885416233525548,0.6757651999999998,0.9436256,0.9999999999999999
490,"Congo, Democratic Republic of (Zaire)",1966,1990,0.3116678498688573,0.7358532000000001,0.8983335999999995,0.999999999999999
490,"Congo, Democratic Republic of (Zaire)",1991,1997,0.3116678498688573,0.7311932000000003,0.8983335999999995,0.999999999999999
490,"Congo, Democratic Republic of (Zaire)",1998,1998,0.3116678498688573,0.7279872000000001,0.8983335999999995,0.999999999999999
490,"Congo, Democratic Republic of (Zaire)",1999,2003,0.3116678498688573,0.7124672,0.8983335999999995,0.999999999999999
490,"Congo, Democratic Republic of (Zaire)",2004,2006,0.3116678498688573,0.6963845333333335,0.8983335999999995,0.999999999999999
490,"Congo, Democratic Republic of (Zaire)",2007,2014,0.3116678498688573,0.7019578666666667,0.8983335999999995,0.999999999999999
490,"Congo, Democratic Republic of (Zaire)",2015,2016,0.3116678498688573,0.6932378666666669,0.8983335999999995,0.999999999999999
490,"Congo, Democratic Republic of (Zaire)",2017,2019,0.3116678498688573,0.689107866666667,0.8983335999999995,0.999999999999999
490,"Congo, Democratic Republic of (Zaire)",2020,2021,0.3116678498688573,0.6838978666666669,0.8983335999999995,0.999999999999999
500,Uganda,1962,1966,0.35563640758927545,0.7061521333333336,0.9507000000000004,1.0000000000000004
500,Uganda,1967,1969,0.3318067280874736,0.6184988000000002,0.9507000000000001,1.0
500,Uganda,1970,1971,0.3162306945273498,0.6598078666666671,0.9501000000000002,1.0000000000000002
500,Uganda,1972,1974,0.305763796574781,0.6737911999999998,0.9149500000000003,0.9928100000000003
500,Uganda,1975,1979,0.3030666298008619,0.7084360000000002,0.9148000000000004,0.9928000000000005
500,Uganda,1980,1986,0.3226168276521574,0.6290528666666666,0.9149500000000003,0.9928100000000003
500,Uganda,1987,1990,0.305763796574781,0.6509845333333334,0.9149500000000003,0.9928100000000003
500,Uganda,1991,2005,0.29440722589405766,0.6506108666666667,0.9255110000000001,0.99281
500,Uganda,2006,2021,0.29440722589405766,0.6761708666666667,0.9255110000000001,0.99281
501,Kenya,1963,1966,0.2854720976681317,0.8273466666666669,0.8577999999999997,0.9999999999999996
501,Kenya,1967,1978,0.2854720976681317,0.7705466666666668,0.8577999999999997,0.9999999999999996
501,Kenya,1979,2002,0.2854720976681317,0.7337799999999998,0.8577999999999997,0.9999999999999996
501,Kenya,2003,2005,0.2854720976681317,0.8307799999999997,0.8577999999999997,0.9999999999999996
501,Kenya,2006,2007,0.2854720976681317,0.7731799999999998,0.8577999999999997,0.9999999999999996
501,Kenya,2008,2011,0.2854720976681317,0.8367800000000002,0.8577999999999997,0.9999999999999996
501,Kenya,2012,2013,0.2854720976681317,0.8307800000000001,0.8577999999999997,0.9999999999999996
501,Kenya,2014,2017,0.2854720976681317,0.82968,0.8577999999999997,0.9999999999999996
501,Kenya,2018,2021,0.27336998448246197,0.7768666666666669,0.82984,1.0000000000000002
510,Tanzania (Tanganyika),1961,1964,1.0,1.0,1.0,1.0
510,Tanzania (Tanganyika),1965,1984,0.9488081144828246,0.9607941333333334,0.9778279999999999,0.9901799999999998
510,Tanzania (Tanganyika),1985,1991,0.9488081144828246,0.9624308000000001,0.9778279999999999,0.9901799999999998
510,Tanzania (Tanganyika),1992,2009,0.9486066578846901,0.9652959999999999,0.9521660000000001,0.9900499999999999
510,Tanzania (Tanganyika),2010,2021,0.6796443169184071,0.9086349999999996,0.742786,0.9900499999999999
511,Zanzibar,1963,1964,0.6512484456785395,0.6048133333333333,1.0,0.8095999999999999
516,Burundi,1962,1965,0.9824827986413877,0.9881199999999998,0.9999999999999997,0.9999999999999997
516,Burundi,1966,1988,0.9824827986413877,0.829453333333333,0.9999999999999997,0.9999999999999997
516,Burundi,1989,1993,0.9824827986413877,0.9484533333333331,0.9999999999999997,0.9999999999999997
516,Burundi,1994,2001,0.9824827986413877,0.8691199999999998,0.9999999999999997,0.9999999999999997
516,Burundi,2002,2005,0.9824827986413877,0.9881199999999998,0.9999999999999997,0.9999999999999997
516,Burundi,2006,2021,0.9824827986413877,0.9484533333333331,0.9999999999999997,0.9999999999999997
517,Rwanda,1962,1994,0.9824827986413877,0.77812,0.9999999999999998,0.9999999999999998
517,Rwanda,1995,2000,0.9824827986413877,0.8201200000000001,0.9999999999999998,0.9999999999999998
517,Rwanda,2001,2021,0.9824827986413877,0.86212,0.9999999999999998,0.9999999999999998
520,Somalia,1960,1990,1.0,1.0,1.0,1.0
520,Somalia,1991,2004,1.0,1.0,1.0,1.0
520,Somalia,2005,2021,1.0,1.0,1.0,1.0
522,Djibouti,1977,1977,0.5643158593346861,0.83572,0.9999999999999999,0.9999999999999999
522,Djibouti,1978,1994,0.5643158593346861,0.7037200000000001,0.9999999999999999,0.9999999999999999
522,Djibouti,1995,2021,0.5643158593346861,0.83572,0.9999999999999999,0.9999999999999999
530,Ethiopia,1946,1952,0.372472816310201,0.58946588,0.8588217880000002,1.0000000000000002
530,Ethiopia,1953,1962,0.3564243702400175,0.5979378799999999,0.8289213879999998,1.0000000000000007
530,Ethiopia,1963,1978,0.3564243702400175,0.5979378799999999,0.8289213879999998,1.0000000000000007
530,Ethiopia,1979,1991,0.3439230814400862,0.6086962800000001,0.8013997280000003,1.0000000000000007
530,Ethiopia,1992,1993,0.3439230814400862,0.6589375199999999,0.8013997280000003,1.0000000000000007
530,Ethiopia,1994,1995,0.3571903770954056,0.735183268,0.803987936,1.0000000000000002
530,Ethiopia,1996,2003,0.3700219560779233,0.8436217186666667,0.6724855360000002,1.0000000000000002
530,Ethiopia,2004,2012,0.36997836010064883,0.8443360546666666,0.6716555200000004,1.0000000000000002
530,Ethiopia,2013,2019,0.36997836010064883,0.8734687546666664,0.6716555200000004,1.0000000000000002
530,Ethiopia,2020,2020,0.36997836010064883,0.8744631279999998,0.6716555200000004,1.0000000000000002
530,Ethiopia,2021,2021,0.36997836010064883,0.8437935813333334,0.6716555200000004,1.0000000000000002
531,Eritrea,1993,1999,0.6391084350682088,0.8654799999999999,0.712,1.0
531,Eritrea,2000,2008,0.6171571310305743,0.8540133333333332,0.68512,1.0
531,Eritrea,2009,2021,0.5799042212607725,0.8326799999999999,0.6763199999999996,0.9999999999999996
540,Angola,1975,2002,0.4715575589987047,0.5941133333333333,0.9644499999999997,1.0000000000000002
540,Angola,2003,2021,0.4715575589987047,0.7120800000000004,0.9644499999999997,1.0000000000000002
541,Mozambique,1975,2014,0.4926862585610592,0.6754158000000001,0.9113870000000002,1.0
541,Mozambique,2015,2021,0.4926862585610592,0.6796368000000002,0.9113870000000002,1.0
551,Zambia,1964,1965,0.6290866432927888,0.9574999999999999,1.0000000000000002,1.0000000000000002
551,Zambia,1966,2016,0.6290866432927888,0.9574999999999999,1.0000000000000002,1.0000000000000002
551,Zambia,2017,2021,0.6290866432927888,0.8990999999999999,1.0000000000000002,1.0000000000000002
552,Zimbabwe (Rhodesia),1965,1979,0.9467117280016752,0.9515,0.97672,0.9418
552,Zimbabwe (Rhodesia),1980,1981,0.6838215564556501,0.9409666666666668,0.9767200000000001,0.9418000000000001
552,Zimbabwe (Rhodesia),1982,1987,0.6737888480626301,0.8178,0.9192400000000002,0.9418000000000001
552,Zimbabwe (Rhodesia),1988,1991,0.6485650753882987,0.8311000000000002,0.9192400000000003,0.9418000000000002
552,Zimbabwe (Rhodesia),1992,1999,0.6838215564556501,0.9409666666666668,0.9767200000000001,0.9418000000000001
552,Zimbabwe (Rhodesia),2000,2008,0.6847728696747979,0.7608800000000002,0.9922399999999998,0.9805999999999999
552,Zimbabwe (Rhodesia),2009,2010,0.6847728696747979,0.9161133333333336,0.9922399999999998,0.9805999999999999
552,Zimbabwe (Rhodesia),2011,2021,0.7350394069072956,0.9176799999999998,0.9923199999999999,0.9807999999999999
553,Malawi,1964,1994,0.9118522364386239,0.7600000000000001,0.9398000000000002,1.0000000000000002
553,Malawi,1995,2020,0.9118522364386239,0.9172000000000001,0.9398000000000002,1.0000000000000002
553,Malawi,2021,2021,0.9118522364386239,0.9199999999999999,0.9398000000000002,1.0000000000000002
560,South Africa,1946,1947,0.6509278446383163,0.889525,0.824745,0.635325
560,South Africa,1948,1989,0.6509278446383163,0.880575,0.824745,0.635325
560,South Africa,1990,1994,0.6509278446383163,0.9168250000000001,0.824745,0.635325
560,South Africa,1995,2008,0.34539208126490695,0.9341251813333333,0.7377655999999995,0.6497099999999992
560,South Africa,2009,2019,0.34539208126490695,0.9245385146666665,0.7377655999999995,0.6497099999999992
560,South Africa,2020,2021,0.34539208126490695,0.9823715146666666,0.7377655999999995,0.6497099999999992
565,Namibia,1990,2014,0.4385664123927989,0.8604731999999997,0.8995460000000003,0.8855919999999999
565,Namibia,2015,2021,0.4385664123927989,0.8615231999999995,0.8995460000000003,0.8855919999999999
570,Lesotho,1966,2021,1.0,1.0,1.0,1.0
571,Botswana,1966,2021,0.49142764900375957,0.7225341333333337,0.8963639999999995,0.97786
572,Swaziland (Eswatini),1968,2021,1.0,1.0,1.0,1.0
580,Madagascar (Malagasy),1960,1972,0.47036299338666443,0.6786462000000001,0.62159,0.62159
580,Madagascar (Malagasy),1973,1975,0.47036299338666443,0.8047828666666667,0.62159,0.62159
580,Madagascar (Malagasy),1976,2001,0.47036299338666443,0.8047828666666667,0.62159,0.62159
580,Madagascar (Malagasy),2002,2021,0.47036299338666443,0.8678512000000002,0.62159,0.62159
581,Comoros,1975,1997,0.8042939233753192,0.9166750000000001,1.0,1.0
581,Comoros,1998,2001,0.8042939233753192,0.50005,1.0,1.0
581,Comoros,2002,2018,0.8042939233753192,1.0,1.0,1.0
581,Comoros,2019,2021,0.8042939233753192,0.7500249999999999,1.0,1.0
590,Mauritius,1968,1969,0.5377158078734888,0.8213466666666669,0.4828999999999999,0.5948
590,Mauritius,1970,1976,0.5377158078734888,0.8870800000000001,0.4828999999999999,0.5948
590,Mauritius,1977,1982,0.5377158078734888,0.8438800000000002,0.4828999999999999,0.5948
590,Mauritius,1983,1983,0.5377158078734888,0.8732050000000001,0.4782874999999999,0.5948000000000001
590,Mauritius,1984,1987,0.5377158078734888,0.8807466666666669,0.4828999999999999,0.5948
590,Mauritius,1988,1991,0.4626132800021668,0.8503466666666666,0.48289999999999994,0.5948000000000001
590,Mauritius,1992,2005,0.4626132800021668,0.88908,0.48289999999999994,0.5948000000000001
590,Mauritius,2006,2010,0.4626132800021666,0.8172050000000004,0.47828750000000003,0.5948000000000001
590,Mauritius,2011,2016,0.4626132800021668,0.85508,0.48289999999999994,0.5948000000000001
590,Mauritius,2017,2021,0.4626132800021668,0.8125466666666668,0.48289999999999994,0.5948000000000001
600,Morocco,1956,1975,0.6036892556129092,0.76,1.0,1.0
600,Morocco,1976,2021,0.6064370101073264,0.7532160000000001,1.0,1.0
615,Algeria,1962,2021,0.6581543390265645,0.7984,1.0,1.0
616,Tunisia,1956,2021,1.0,1.0,1.0,1.0
620,Libya,1951,1969,0.7660418615044403,0.8408791999999999,0.999157,1.0
620,Libya,1970,2011,0.9082708805038815,0.7805599999999999,1.0,0.9880720000000001
620,Libya,2012,2021,0.9082708805038815,0.868336,1.0,0.9880720000000001
625,Sudan,1956,1971,0.29318775635530464,0.8420799999999993,0.5820999999999993,0.5379999999999995
625,Sudan,1972,1982,0.29318775635530464,0.8420799999999993,0.5820999999999993,0.5379999999999995
625,Sudan,1983,2002,0.29318775635530464,0.8420799999999993,0.5820999999999993,0.5379999999999995
625,Sudan,2003,2005,0.29218847563836486,0.8459366666666656,0.5732499999999989,0.5214999999999991
625,Sudan,2006,2011,0.2935074292156127,0.8702294666666666,0.5720699999999995,0.5197599999999993
625,Sudan,2012,2021,0.4016870006627497,0.7595087999999998,0.9388900000000004,0.6921399999999999
626,South Sudan,2011,2021,0.35924663395646916,0.7666133333333328,0.61885,0.9999999999999999
630,Iran (Persia),1946,1946,0.43576627968381093,0.486160992,0.9451225560000001,0.95822454
630,Iran (Persia),1947,1960,0.43576627968381093,0.7853189920000001,0.9451225560000001,0.95822454
630,Iran (Persia),1961,1979,0.4384271656800227,0.7963397920000004,0.9369637560000005,0.9224405400000002
630,Iran (Persia),1980,2021,0.44206952620594964,0.7595748720000008,0.9287323560000001,0.9220454400000003
640,Turkey (Ottoman Empire),1946,2021,0.6619648472514092,0.6954934720000001,1.0,0.987724
645,Iraq,1946,1958,0.7162505234474824,0.8815550000000001,0.8890624999999999,0.9999999999999999
645,Iraq,1959,1963,0.7162505234474824,0.6625383333333333,0.8890624999999999,0.9999999999999999
645,Iraq,1964,1979,0.7162505234474824,0.5469133333333335,0.8890624999999999,0.9999999999999999
645,Iraq,1980,1991,0.7164030682971722,0.7321998666666665,0.8878864999999996,0.9980399999999996
645,Iraq,1992,2003,0.7140108208278129,0.5068409999999999,0.8668304999999998,0.960521
645,Iraq,2004,2011,0.7140108208278129,0.9022376666666665,0.8668304999999998,0.960521
645,Iraq,2012,2018,0.7140108208278129,0.8538910000000001,0.8668304999999998,0.960521
645,Iraq,2019,2021,0.711496541802856,0.8990409999999993,0.8699674999999998,0.9607409999999996
651,Egypt,1946,1967,1.0000000000000002,0.8906573500000002,0.9016290100000001,1.0000000000000002
651,Egypt,1968,2021,1.0,0.8908,0.9017200000000001,1.0
652,Syria,1946,1948,0.7072117520844118,0.8701866666666668,0.7729666666666667,1.0000000000000002
652,Syria,1949,1954,0.7072117520844118,0.9638533333333336,0.7729666666666667,1.0000000000000002
652,Syria,1955,1957,0.7072117520844118,0.9144533333333332,0.7729666666666667,1.0000000000000002
652,Syria,1958,1960,0.7072117520844118,0.76712,0.7729666666666667,1.0000000000000002
652,Syria,1961,1965,0.7072117520844118,0.8659200000000001,0.7729666666666667,1.0000000000000002
652,Syria,1966,1969,0.7072117520844118,0.9023199999999998,0.7729666666666667,1.0000000000000002
652,Syria,1970,2011,0.7072117520844118,0.8520533333333332,0.7729666666666667,1.0000000000000002
652,Syria,2012,2016,0.7072117520844118,0.8763199999999998,0.7729666666666667,1.0000000000000002
652,Syria,2017,2021,0.7072117520844118,0.7411199999999999,0.7729666666666667,1.0000000000000002
660,Lebanon,1946,1970,0.8353859724668724,0.8789999999999996,0.6458133333333322,0.9999999999999994
660,Lebanon,1971,1975,0.7745647622876126,0.845586666666666,0.6650966666666662,0.9999999999999998
660,Lebanon,1976,1991,0.7745647622876126,0.98812,0.6650966666666662,0.9999999999999998
660,Lebanon,1992,2021,0.7745647622876126,0.8509199999999991,0.6650966666666662,0.9999999999999998
663,Jordan,1946,2021,0.8363240224095245,0.5785866666666667,0.9460000000000002,1.0
666,Israel,1948,1949,0.47775132641122364,0.6048533333333334,0.9341999999999999,0.8684000000000001
666,Israel,1950,1967,0.47775132641122364,0.6048533333333334,0.9341999999999999,0.8684000000000001
666,Israel,1968,1977,0.44261302412992537,0.58792,0.8745999999999999,0.7492
666,Israel,1978,1992,0.6304984193368145,0.7827333333333333,0.76,0.5882000000000001
666,Israel,1993,1996,0.522243456057149,0.6907199999999999,0.8022,0.6963999999999999
666,Israel,1997,2009,0.5138451497969745,0.7563200000000001,0.7592000000000001,0.5644
666,Israel,2010,2018,0.5138451497969745,0.75732,0.7592000000000001,0.5644
666,Israel,2019,2021,0.5138451497969745,0.7473200000000002,0.7592000000000001,0.5644
670,Saudi Arabia,1946,2021,0.48698342783796955,0.6790533333333333,0.8398399999999998,0.9999999999999999
678,Yemen (Arab Republic of Yemen),1946,1949,0.9650183177151616,0.7907999999999998,0.8229799999999997,0.9999999999999999
678,Yemen (Arab Republic of Yemen),1950,1962,0.9824827986413877,0.7908,0.8324799999999999,0.9999999999999999
678,Yemen (Arab Republic of Yemen),1963,1990,0.9824827986413877,0.9247666666666665,0.8324799999999999,0.9999999999999999
678,Yemen (Arab Republic of Yemen),1991,1994,0.7276871425161202,0.9901000000000002,0.87616,1.0000000000000002
678,Yemen (Arab Republic of Yemen),1995,2015,0.7276871425161198,0.9208666666666668,0.8232400000000001,0.9801999999999998
678,Yemen (Arab Republic of Yemen),2016,2021,0.7276871425161198,0.8408333333333335,0.8232400000000001,0.9801999999999998
680,"Yemen, People's Republic of",1967,1990,1.0,1.0,1.0,1.0
690,Kuwait,1961,2016,0.5775353305345625,0.7027466666666669,0.9857000000000002,1.0000000000000002
690,Kuwait,2017,2021,0.5775353305345625,0.6846800000000001,0.9857000000000002,1.0000000000000002
692,Bahrain,1971,2021,0.4909642655105585,0.6124999999999999,0.9737499999999999,1.0
694,Qatar,1971,2021,1.0,1.0,1.0,1.0
696,United Arab Emirates,1971,2021,1.0,1.0,1.0,1.0
698,Oman,1946,2021,1.0,1.0,1.0,1.0
700,Afghanistan,1946,1978,0.3998415412599431,0.6158648000000001,0.9613900000000003,0.6447600000000001
700,Afghanistan,1979,1992,0.3781386630966321,0.7802958666666664,0.9554230000000008,0.5116600000000001
700,Afghanistan,1993,1996,0.3781386630966321,0.8723692000000002,0.9554230000000008,0.5116600000000001
700,Afghanistan,1997,2001,0.3781386630966321,0.5518858666666667,0.9554230000000008,0.5116600000000001
700,Afghanistan,2002,2005,0.3781386630966321,0.8159725333333328,0.9554230000000008,0.5116600000000001
700,Afghanistan,2006,2014,0.3781386630966321,0.8559358666666664,0.9554230000000008,0.5116600000000001
700,Afghanistan,2015,2021,0.3781386630966321,0.8159725333333328,0.9554230000000008,0.5116600000000001
701,Turkmenistan,1991,2021,0.8193817270287167,0.8296666666666664,0.9723999999999996,0.9447999999999995
702,Tajikistan,1991,1992,0.5342598266385127,0.7545991999999995,0.8995613333333335,0.6364319999999999
702,Tajikistan,1993,1997,0.5342598266385127,0.7286191999999996,0.8995613333333335,0.6364319999999999
702,Tajikistan,1998,2000,0.5342598266385127,0.7545991999999995,0.8995613333333335,0.6364319999999999
702,Tajikistan,2001,2010,0.687215216746598,0.8176348000000001,0.9664485333333328,0.7333359999999995
702,Tajikistan,2011,2021,0.7400864381390297,0.8456112000000002,0.973197333333333,0.7792600000000001
703,Kyrgyz Republic,1991,2004,0.49667074453718113,0.7753884666666666,0.8289460000000001,0.7149100000000002
703,Kyrgyz Republic,2005,2010,0.6179693455981861,0.7365238000000001,0.88045,0.8007500000000001
703,Kyrgyz Republic,2011,2021,0.6179693455981861,0.7004598000000001,0.88045,0.8007500000000001
704,Uzbekistan,1991,1995,0.6047692132740901,0.7131366666666668,0.9246400000000001,0.7799
704,Uzbekistan,1996,2021,0.7131375854812768,0.7832133333333335,0.9422499999999998,0.7919999999999998
705,Kazakhstan,1991,1994,0.4526513417722595,0.8130731999999997,0.7206595999999996,0.5668639999999998
705,Kazakhstan,1995,2005,0.5064513157170719,0.7214031999999998,0.7257899999999994,0.5668119999999995
705,Kazakhstan,2006,2019,0.5615814773383391,0.7439859999999996,0.7621660000000003,0.6204279999999998
705,Kazakhstan,2020,2021,0.6031080251256066,0.7618431999999999,0.7892304000000001,0.667034
710,China,1946,1949,1.0,1.0,1.0,1.0
710,China,1950,1950,0.9077985277365562,0.9255964213333322,0.9268702199999997,0.9999999999999986
710,China,1951,1964,0.9060203552105129,0.9196956099999983,0.9034665499999993,0.9862476099999982
710,China,1965,1966,0.917773790321386,0.9225690000000007,0.8915450360000005,0.9940090000000007
710,China,1967,1976,0.917785637005665,0.9047517433333342,0.8915461060000007,0.9942084100000013
710,China,1977,1982,0.917785637005665,0.922643076666668,0.8915461060000007,0.9942084100000013
710,China,1983,1990,0.9128743581886053,0.9161232900000037,0.8794879450000007,0.9986004900000048
710,China,1991,2000,0.9012683017378413,0.90012089,0.8623358123333331,0.99780121
710,China,2001,2010,0.8962257668341624,0.8913361033333287,0.8546202193333325,0.9956048399999955
710,China,2011,2017,0.8964849816351391,0.8928940499999992,0.854676946999999,0.9988003599999996
710,China,2018,2021,0.8964849816351391,0.8925370266666662,0.854676946999999,0.9988003599999996
711,Tibet,1946,1950,1.0,1.0,1.0,1.0
712,Mongolia,1946,2015,0.8314571695894295,0.8979999999999999,0.9099999999999997,0.9999999999999998
712,Mongolia,2016,2021,0.7629331826994268,0.8485199999999999,0.9319999999999999,1.0
713,Taiwan,1949,1986,0.7572363609695363,0.8588799999999999,1.0,1.0
713,Taiwan,1987,1995,0.7572363609695363,0.9372799999999999,1.0,1.0
713,Taiwan,1996,1999,0.7570163128048779,0.9533333333333331,0.9607999999999999,0.9607999999999999
713,Taiwan,2000,2008,0.7570163128048779,0.9486666666666663,0.9607999999999999,0.9607999999999999
713,Taiwan,2009,2016,0.7570163128048779,0.9869333333333332,0.9607999999999999,0.9607999999999999
713,Taiwan,2017,2021,0.7570163128048779,0.9486666666666663,0.9607999999999999,0.9607999999999999
731,"Korea, People's Republic of",1948,2021,1.0,1.0,1.0,1.0
732,"Korea, Republic of",1948,2021,1.0,1.0,1.0,1.0
740,Japan,1946,1952,1.0,1.0,1.0,1.0
740,Japan,1953,1972,0.9636226118452822,0.9655992,1.0,1.0
740,Japan,1973,1984,0.9793789169832104,0.9614836666666665,0.974233,0.990025
740,Japan,1985,1996,0.9797747997222143,0.9615559066666665,0.97423304,0.9904230400000004
740,Japan,1997,2009,0.9906280492591559,0.9736107200000002,0.98570088,1.0000000000000002
740,Japan,2010,2012,0.9906280492591558,0.97489152,0.9857008800000001,1.0000000000000002
740,Japan,2013,2015,0.9906280492591558,0.97489152,0.9857008800000001,1.0000000000000002
740,Japan,2016,2021,0.9870482776895015,0.9713408399999997,0.9821300399999999,0.9964032399999998
750,India,1947,1948,0.5087198534784533,0.8928398986666668,0.6596184400000011,0.9885291999999996
750,India,1949,1953,0.5092801406287323,0.8960243686666667,0.6520071400000012,0.9884751999999996
750,India,1954,1956,0.5092801406287323,0.8960243686666667,0.6520071400000012,0.9884751999999996
750,India,1957,1960,0.5092801406287323,0.8960243686666667,0.6520071400000012,0.9884751999999996
750,India,1961,1962,0.5092801406287323,0.8960243686666667,0.6520071400000012,0.9884751999999996
750,India,1963,1966,0.50921697772172,0.8967386286666673,0.6502409400000012,0.9865543999999994
750,India,1967,1971,0.50921697772172,0.8967386286666673,0.6502409400000012,0.9865543999999994
750,India,1972,1976,0.50921697772172,0.8967386286666673,0.6502409400000012,0.9865543999999994
750,India,1977,1986,0.5093241662731619,0.8968416666666671,0.713663480000001,0.9865529999999997
750,India,1987,1999,0.5093241662731619,0.8968416666666671,0.713663480000001,0.9865529999999997
750,India,2000,2002,0.5093241662731619,0.8968416666666671,0.713663480000001,0.9865529999999997
750,India,2003,2014,0.5093241662731619,0.8968416666666671,0.713663480000001,0.9865529999999997
750,India,2015,2019,0.5093241662731619,0.8650441666666673,0.713663480000001,0.9865529999999997
750,India,2020,2021,0.5093241662731619,0.8312655000000004,0.713663480000001,0.9865529999999997
760,Bhutan,1949,1988,0.46475218070907254,0.6136666666666667,0.825,0.6499999999999999
760,Bhutan,1989,2021,0.3800167799714435,0.6080000000000001,0.8400000000000001,0.76
770,Pakistan,1947,1971,0.5854224581477083,0.7526554666666654,0.9795899999999987,0.9999999999999988
770,Pakistan,1972,1973,0.5015892291288176,0.8264394666666661,0.968256,0.9999999999999997
770,Pakistan,1974,1977,0.5015892291288176,0.8164074666666669,0.968256,0.9999999999999997
770,Pakistan,1978,1983,0.5015892291288176,0.8408874666666668,0.968256,0.9999999999999997
770,Pakistan,1984,1988,0.5090352981256445,0.8435866666666666,0.9612979999999993,0.9999999999999993
770,Pakistan,1989,1999,0.5090352981256445,0.8284366666666657,0.9612979999999993,0.9999999999999993
770,Pakistan,2000,2008,0.5090352981256445,0.8345366666666666,0.9612979999999993,0.9999999999999993
770,Pakistan,2009,2013,0.5090352981256445,0.8476366666666665,0.9612979999999993,0.9999999999999993
770,Pakistan,2014,2018,0.5090352981256445,0.8193866666666662,0.9612979999999993,0.9999999999999993
770,Pakistan,2019,2021,0.5090352981256445,0.8476366666666665,0.9612979999999993,0.9999999999999993
771,Bangladesh,1971,2021,1.0023926509283259,0.8803956666666668,0.8157089999999998,0.9941089999999999
775,Myanmar (Burma),1948,1957,0.5455246997824403,0.7458327999999997,0.7418729999999998,0.7670999999999992
775,Myanmar (Burma),1958,1958,0.5455246997824403,0.7229861333333335,0.7418729999999998,0.7670999999999992
775,Myanmar (Burma),1959,1959,0.5455246997824403,0.6334661333333332,0.7418729999999998,0.7670999999999992
775,Myanmar (Burma),1960,1962,0.5455246997824403,0.6184127999999997,0.7418729999999998,0.7670999999999992
775,Myanmar (Burma),1963,1982,0.5455246997824403,0.5693047999999999,0.7418729999999998,0.7670999999999992
775,Myanmar (Burma),1983,1989,0.5455246997824403,0.5724581333333335,0.7418729999999998,0.7670999999999992
775,Myanmar (Burma),1990,2011,0.5455246997824403,0.5668281333333335,0.7418729999999998,0.7670999999999992
775,Myanmar (Burma),2012,2017,0.5455246997824403,0.7533221333333332,0.7418729999999998,0.7670999999999992
775,Myanmar (Burma),2018,2021,0.5456799658853916,0.7510505333333336,0.7665510000000003,0.7707989999999992
780,Sri Lanka (Ceylon),1948,1955,0.6179517504489513,0.7503200000000002,0.7273999999999999,1.0
780,Sri Lanka (Ceylon),1956,1963,0.6179517504489513,0.7174533333333334,0.7273999999999999,1.0
780,Sri Lanka (Ceylon),1964,1983,0.6179517504489513,0.7386533333333335,0.7273999999999999,1.0
780,Sri Lanka (Ceylon),1984,1984,0.6502747005349804,0.6695866666666667,0.7286,1.0000000000000004
780,Sri Lanka (Ceylon),1985,1986,0.6502747005349804,0.7173199999999998,0.7286,1.0000000000000004
780,Sri Lanka (Ceylon),1987,1987,0.6463997059563539,0.8452800000000001,0.7376000000000001,1.0000000000000002
780,Sri Lanka (Ceylon),1988,2005,0.6428785942334572,0.8819466666666667,0.7465999999999999,1.0
780,Sri Lanka (Ceylon),2006,2012,0.6428785942334572,0.7684799999999998,0.7465999999999999,1.0
780,Sri Lanka (Ceylon),2013,2021,0.6592532977810996,0.7758533333333336,0.7254999999999998,1.0
781,Maldives,1965,2021,1.0,1.0,1.0,1.0
790,Nepal,1946,1951,0.6820536063097304,0.6384666666666665,0.9733000000000005,1.0000000000000002
790,Nepal,1952,1960,0.6820536063097304,0.7968666666666665,0.9733000000000005,1.0000000000000002
790,Nepal,1961,1963,0.6820536063097304,0.6384666666666665,0.9733000000000005,1.0000000000000002
790,Nepal,1964,1990,0.6820536063097304,0.6784666666666666,0.9733000000000005,1.0000000000000002
790,Nepal,1991,2002,0.7370662956551366,0.841386666666667,0.8973000000000002,0.9999999999999998
790,Nepal,2003,2006,0.7370662956551366,0.9051866666666668,0.8973000000000002,0.9999999999999998
790,Nepal,2007,2008,0.7370662956551366,0.841386666666667,0.8973000000000002,0.9999999999999998
790,Nepal,2009,2021,0.7370662956551366,0.8361866666666669,0.8973000000000002,0.9999999999999998
800,Thailand,1946,1952,0.8116072073243478,0.735021666666667,0.9380499999999999,0.9295999999999999
800,Thailand,1953,1971,0.8116072073243478,0.7681550000000003,0.9380499999999999,0.9295999999999999
800,Thailand,1972,1976,0.8116072073243478,0.8452216666666669,0.9380499999999999,0.9295999999999999
800,Thailand,1977,1979,0.8116072073243478,0.7681550000000003,0.9380499999999999,0.9295999999999999
800,Thailand,1980,1999,0.8116072073243478,0.7784800000000004,0.9380499999999999,0.9295999999999999
800,Thailand,2000,2001,0.8102211563201926,0.78128,0.9196500000000001,0.9119999999999999
800,Thailand,2002,2021,0.8955103502881747,0.8333916666666666,0.8862000000000001,0.8784499999999997
811,Cambodia (Kampuchea),1953,1970,0.7143746279441467,0.9216916666666664,0.8159299999999998,1.0
811,Cambodia (Kampuchea),1971,1975,0.7347495577941375,0.8751166666666667,0.8303499999999998,0.9999999999999997
811,Cambodia (Kampuchea),1976,1979,0.8757796518012356,0.8872416666666664,0.9080999999999998,0.9999999999999992
811,Cambodia (Kampuchea),1980,1993,0.8682435240173073,0.9445239999999998,0.8940711999999998,0.9800999999999999
811,Cambodia (Kampuchea),1994,2019,0.9167488752777626,0.9676720000000003,0.9169520000000002,0.9920160000000005
811,Cambodia (Kampuchea),2020,2021,0.9167488752777626,0.9456813333333336,0.9169520000000002,0.9920160000000005
812,Laos,1953,1974,0.3773242633544227,0.8389666666666666,0.5392000000000001,1.0
812,Laos,1975,1990,0.3912102531611745,0.8543,0.5450000000000002,1.0
812,Laos,1991,2021,0.41532480182141457,0.8629666666666664,0.5578000000000002,1.0
816,"Vietnam, Democratic Republic of",1954,1975,0.6950838421422109,0.8053504694643523,0.878847860970342,1.0000000000000002
816,"Vietnam, Democratic Republic of",1976,1978,0.6757075134093569,0.7699341333333332,0.8694344999999997,0.9929759999999994
816,"Vietnam, Democratic Republic of",1979,2021,0.7658804650674714,0.8594231999999994,0.850643999999999,0.9923839999999992
817,"Vietnam, Republic of",1954,1975,0.6940962384995188,0.7938072,1.0,1.0
820,Malaysia,1957,1963,0.4615207816772018,0.8994368000000001,0.44968240000000004,0.43286800000000003
820,Malaysia,1964,1965,0.4270470673732245,0.8574748,0.4505507999999998,0.4758919999999998
820,Malaysia,1966,2009,0.4287881652587785,0.7995194666666666,0.5596352,0.60026
820,Malaysia,2010,2021,0.41670757905905825,0.7719828666666667,0.5987148000000001,0.6456580000000002
830,Singapore,1965,2010,0.589748080918621,0.8504648666666667,0.7593094999999997,0.9081999999999998
830,Singapore,2011,2021,0.44978198821815873,0.69628,0.8738340000000002,0.9462720000000002
835,Brunei,1984,2021,0.5413633927099055,0.5873200000000001,0.7263999999999999,0.8579999999999999
840,Philippines,1946,1970,0.8240317275851607,0.8366079999999998,0.9554259999999999,0.9726999999999999
840,Philippines,1971,1975,0.8240317275851607,0.810422,0.9554259999999999,0.9726999999999999
840,Philippines,1976,1986,0.8240317275851607,0.8147169999999999,0.9554259999999999,0.9726999999999999
840,Philippines,1987,1988,0.8240317275851607,0.8258920000000001,0.816676,0.9704499999999998
840,Philippines,1989,2021,0.8240317275851607,0.878881,0.816676,0.9704499999999998
850,Indonesia,1946,1949,1.0,1.0,1.0,1.0
850,Indonesia,1950,1958,0.41518511560984234,0.6321138786666658,0.9171157039999991,0.9921594399999987
850,Indonesia,1959,1963,0.41518511560984234,0.636537038666666,0.9171157039999991,0.9921594399999987
850,Indonesia,1964,1966,0.41180882544818376,0.6360066079999995,0.9161559759999989,0.9797954799999983
850,Indonesia,1967,1975,0.41180882544818376,0.6379721479999997,0.9161559759999989,0.9797954799999983
850,Indonesia,1976,1995,0.41097703109783873,0.6386338346666665,0.912242296,0.9810424999999985
850,Indonesia,1996,1998,0.41097703109783873,0.6386338346666665,0.912242296,0.9810424999999985
850,Indonesia,1999,2001,0.40991807037066375,0.6455114346666657,0.9085726959999995,0.9802924999999978
850,Indonesia,2002,2004,0.4106434144300827,0.6444440679999986,0.9129574959999982,0.9790075599999978
850,Indonesia,2005,2014,0.4105426554030439,0.7309058746666665,0.9126447759999987,0.9789914799999982
850,Indonesia,2015,2015,0.4105426554030439,0.7309058746666666,0.9126447759999987,0.9789914799999982
850,Indonesia,2016,2021,0.4105426554030439,0.735033208,0.9126447759999987,0.9789914799999982
860,East Timor,2002,2021,1.0,1.0,1.0,1.0
900,Australia,1946,1962,0.7814944640137514,0.8248000000000001,0.9311999999999999,0.8975999999999998
900,Australia,1963,2021,0.7814944640137514,0.8416,0.9311999999999999,0.8975999999999998
910,Papua New Guinea,1975,1975,0.9368041042276554,0.9671560000000001,1.0,1.0
910,Papua New Guinea,1976,1976,0.9368041042276554,0.934312,1.0,1.0
910,Papua New Guinea,1977,1988,0.9368041042276554,0.9671560000000001,1.0,1.0
910,Papua New Guinea,1989,2002,0.9368041042276554,0.934312,1.0,1.0
910,Papua New Guinea,2003,2021,0.9368041042276554,0.9671560000000001,1.0,1.0
920,New Zealand,1946,1972,0.8247081085964999,0.7772437,0.7922499999999998,0.7922499999999998
920,New Zealand,1973,1989,0.8247081085964999,0.8464937,0.7922499999999998,0.7922499999999998
920,New Zealand,1990,1995,0.9033262814718046,0.8864368,0.7082951249999998,0.7119999999999997
920,New Zealand,1996,2021,0.9704313179895186,0.8834454666666668,0.6647230000000001,0.545376
940,Solomon Islands,1978,2021,1.0,1.0,1.0,1.0
950,Fiji,1970,1987,0.5121724833768307,0.85922,0.5614000000000002,0.5614000000000002
950,Fiji,1988,1999,0.51616428198946,0.7163392000000002,0.5552800000000001,0.5552800000000001
950,Fiji,2000,2000,0.5096953033867241,0.8512133333333334,0.5760000000000001,0.5760000000000001
950,Fiji,2001,2006,0.5101058074993703,0.7087488000000002,0.5900960000000001,0.5900960000000001
950,Fiji,2007,2009,0.5331453508216416,0.8701051999999998,0.5691039999999998,0.5691039999999998
950,Fiji,2010,2021,0.5327348467089957,0.8593020000000001,0.5933920000000001,0.5933920000000001
